packet_id,coder_id,qtype,HL1,HL2,HL3,EQ1,notes
9B56D6BB,CoderA,Fill,,,,,
9B56D6BB,CoderB,Fill,,,,,
D4D2F806,CoderA,Fill,,,,,
D4D2F806,CoderB,Fill,,,,,
188A1516,CoderA,Fill,,,,,
188A1516,CoderB,Fill,,,,,
AA0A52D5,CoderA,Fill,,,,,
AA0A52D5,CoderB,Fill,,,,,
ABA04208,CoderA,Fill,,,,,
ABA04208,CoderB,Fill,,,,,
C37575BB,CoderA,Fill,,,,,
C37575BB,CoderB,Fill,,,,,
C9620FAF,CoderA,Fill,,,,,
C9620FAF,CoderB,Fill,,,,,
4D512633,CoderA,Fill,,,,,
4D512633,CoderB,Fill,,,,,
C02CE39E,CoderA,Fill,,,,,
C02CE39E,CoderB,Fill,,,,,
39E5D7A9,CoderA,Fill,,,,,
39E5D7A9,CoderB,Fill,,,,,
E7077296,CoderA,Fill,,,,,
E7077296,CoderB,Fill,,,,,
83DC7866,CoderA,Fill,,,,,
83DC7866,CoderB,Fill,,,,,
5C95912E,CoderA,Fill,,,,,
5C95912E,CoderB,Fill,,,,,
E81FE12D,CoderA,Fill,,,,,
E81FE12D,CoderB,Fill,,,,,
A06FB5C6,CoderA,Fill,,,,,
A06FB5C6,CoderB,Fill,,,,,
D13FA71C,CoderA,Fill,,,,,
D13FA71C,CoderB,Fill,,,,,
D50E7DBC,CoderA,Fill,,,,,
D50E7DBC,CoderB,Fill,,,,,
A2D7DFB7,CoderA,Fill,,,,,
A2D7DFB7,CoderB,Fill,,,,,
1E288E3E,CoderA,Fill,,,,,
1E288E3E,CoderB,Fill,,,,,
BC71C030,CoderA,Fill,,,,,
BC71C030,CoderB,Fill,,,,,
F0CA7180,CoderA,MCQ,,,,,
F0CA7180,CoderB,MCQ,,,,,
1FCD63E3,CoderA,MCQ,,,,,
1FCD63E3,CoderB,MCQ,,,,,
CCD6C0A8,CoderA,MCQ,,,,,
CCD6C0A8,CoderB,MCQ,,,,,
DBD321C4,CoderA,MCQ,,,,,
DBD321C4,CoderB,MCQ,,,,,
14F6A947,CoderA,MCQ,,,,,
14F6A947,CoderB,MCQ,,,,,
7C33FDBA,CoderA,MCQ,,,,,
7C33FDBA,CoderB,MCQ,,,,,
91AE9B4C,CoderA,MCQ,,,,,
91AE9B4C,CoderB,MCQ,,,,,
D064B623,CoderA,MCQ,,,,,
D064B623,CoderB,MCQ,,,,,
4F4FF3B8,CoderA,MCQ,,,,,
4F4FF3B8,CoderB,MCQ,,,,,
C5D41E20,CoderA,MCQ,,,,,
C5D41E20,CoderB,MCQ,,,,,
BE4CBB03,CoderA,MCQ,,,,,
BE4CBB03,CoderB,MCQ,,,,,
BD1712EA,CoderA,MCQ,,,,,
BD1712EA,CoderB,MCQ,,,,,
2430FF77,CoderA,MCQ,,,,,
2430FF77,CoderB,MCQ,,,,,
A3E74F3A,CoderA,MCQ,,,,,
A3E74F3A,CoderB,MCQ,,,,,
28C67829,CoderA,MCQ,,,,,
28C67829,CoderB,MCQ,,,,,
78468858,CoderA,MCQ,,,,,
78468858,CoderB,MCQ,,,,,
0789F754,CoderA,MCQ,,,,,
0789F754,CoderB,MCQ,,,,,
960F2F48,CoderA,MCQ,,,,,
960F2F48,CoderB,MCQ,,,,,
02B22137,CoderA,MCQ,,,,,
02B22137,CoderB,MCQ,,,,,
57C6DE74,CoderA,MCQ,,,,,
57C6DE74,CoderB,MCQ,,,,,
AD240CBF,CoderA,SA,,,,,
AD240CBF,CoderB,SA,,,,,
DE256B63,CoderA,SA,,,,,
DE256B63,CoderB,SA,,,,,
FB55AD58,CoderA,SA,,,,,
FB55AD58,CoderB,SA,,,,,
6F0B1615,CoderA,SA,,,,,
6F0B1615,CoderB,SA,,,,,
1F59A301,CoderA,SA,,,,,
1F59A301,CoderB,SA,,,,,
6EB62B6B,CoderA,SA,,,,,
6EB62B6B,CoderB,SA,,,,,
0060B56F,CoderA,SA,,,,,
0060B56F,CoderB,SA,,,,,
37B1302B,CoderA,SA,,,,,
37B1302B,CoderB,SA,,,,,
3EDDBB72,CoderA,SA,,,,,
3EDDBB72,CoderB,SA,,,,,
4A20F1C9,CoderA,SA,,,,,
4A20F1C9,CoderB,SA,,,,,
13B748EE,CoderA,SA,,,,,
13B748EE,CoderB,SA,,,,,
0F3A0A4A,CoderA,SA,,,,,
0F3A0A4A,CoderB,SA,,,,,
AEF40D65,CoderA,SA,,,,,
AEF40D65,CoderB,SA,,,,,
B9319CF1,CoderA,SA,,,,,
B9319CF1,CoderB,SA,,,,,
A228062F,CoderA,SA,,,,,
A228062F,CoderB,SA,,,,,
0592E7DC,CoderA,SA,,,,,
0592E7DC,CoderB,SA,,,,,
F694A13F,CoderA,SA,,,,,
F694A13F,CoderB,SA,,,,,
CBD3505D,CoderA,SA,,,,,
CBD3505D,CoderB,SA,,,,,
53CD4829,CoderA,SA,,,,,
53CD4829,CoderB,SA,,,,,
FF92880A,CoderA,SA,,,,,
FF92880A,CoderB,SA,,,,,
EF963571,CoderA,TF,,,,,
EF963571,CoderB,TF,,,,,
BE356299,CoderA,TF,,,,,
BE356299,CoderB,TF,,,,,
D04703DF,CoderA,TF,,,,,
D04703DF,CoderB,TF,,,,,
7533228C,CoderA,TF,,,,,
7533228C,CoderB,TF,,,,,
20C6198E,CoderA,TF,,,,,
20C6198E,CoderB,TF,,,,,
E4123683,CoderA,TF,,,,,
E4123683,CoderB,TF,,,,,
9A6D9BE1,CoderA,TF,,,,,
9A6D9BE1,CoderB,TF,,,,,
6F613437,CoderA,TF,,,,,
6F613437,CoderB,TF,,,,,
5457907A,CoderA,TF,,,,,
5457907A,CoderB,TF,,,,,
C20B4959,CoderA,TF,,,,,
C20B4959,CoderB,TF,,,,,
7BD3C22B,CoderA,TF,,,,,
7BD3C22B,CoderB,TF,,,,,
AD68BEDF,CoderA,TF,,,,,
AD68BEDF,CoderB,TF,,,,,
D5DB2124,CoderA,TF,,,,,
D5DB2124,CoderB,TF,,,,,
EEA57DD0,CoderA,TF,,,,,
EEA57DD0,CoderB,TF,,,,,
88A5C575,CoderA,TF,,,,,
88A5C575,CoderB,TF,,,,,
83998320,CoderA,TF,,,,,
83998320,CoderB,TF,,,,,
D185639C,CoderA,TF,,,,,
D185639C,CoderB,TF,,,,,
50EB3FC1,CoderA,TF,,,,,
50EB3FC1,CoderB,TF,,,,,
AF319E5A,CoderA,TF,,,,,
AF319E5A,CoderB,TF,,,,,
BEBA7015,CoderA,TF,,,,,
BEBA7015,CoderB,TF,,,,,
F4E3D2D5,CoderA,Fill,,,,,
F4E3D2D5,CoderB,Fill,,,,,
8374C0F4,CoderA,Fill,,,,,
8374C0F4,CoderB,Fill,,,,,
FF7E03F8,CoderA,Fill,,,,,
FF7E03F8,CoderB,Fill,,,,,
7308FB3D,CoderA,Fill,,,,,
7308FB3D,CoderB,Fill,,,,,
ADEB94CC,CoderA,Fill,,,,,
ADEB94CC,CoderB,Fill,,,,,
142E453C,CoderA,Fill,,,,,
142E453C,CoderB,Fill,,,,,
2A09C7A5,CoderA,Fill,,,,,
2A09C7A5,CoderB,Fill,,,,,
E3460875,CoderA,Fill,,,,,
E3460875,CoderB,Fill,,,,,
060D51EB,CoderA,Fill,,,,,
060D51EB,CoderB,Fill,,,,,
E20457D9,CoderA,Fill,,,,,
E20457D9,CoderB,Fill,,,,,
AD7565BF,CoderA,Fill,,,,,
AD7565BF,CoderB,Fill,,,,,
19854927,CoderA,Fill,,,,,
19854927,CoderB,Fill,,,,,
0D47DBB4,CoderA,Fill,,,,,
0D47DBB4,CoderB,Fill,,,,,
8C40C37D,CoderA,Fill,,,,,
8C40C37D,CoderB,Fill,,,,,
6DC37F74,CoderA,Fill,,,,,
6DC37F74,CoderB,Fill,,,,,
C95FCCEF,CoderA,Fill,,,,,
C95FCCEF,CoderB,Fill,,,,,
30C27533,CoderA,Fill,,,,,
30C27533,CoderB,Fill,,,,,
2607AEBF,CoderA,Fill,,,,,
2607AEBF,CoderB,Fill,,,,,
864D3FB7,CoderA,Fill,,,,,
864D3FB7,CoderB,Fill,,,,,
A950D979,CoderA,Fill,,,,,
A950D979,CoderB,Fill,,,,,
D9203A82,CoderA,MCQ,,,,,
D9203A82,CoderB,MCQ,,,,,
689278FD,CoderA,MCQ,,,,,
689278FD,CoderB,MCQ,,,,,
7289C2FA,CoderA,MCQ,,,,,
7289C2FA,CoderB,MCQ,,,,,
F4654636,CoderA,MCQ,,,,,
F4654636,CoderB,MCQ,,,,,
6393CD34,CoderA,MCQ,,,,,
6393CD34,CoderB,MCQ,,,,,
A4CBFAB6,CoderA,MCQ,,,,,
A4CBFAB6,CoderB,MCQ,,,,,
6421F28F,CoderA,MCQ,,,,,
6421F28F,CoderB,MCQ,,,,,
29E02D2D,CoderA,MCQ,,,,,
29E02D2D,CoderB,MCQ,,,,,
7E02A8F8,CoderA,MCQ,,,,,
7E02A8F8,CoderB,MCQ,,,,,
A4072B70,CoderA,MCQ,,,,,
A4072B70,CoderB,MCQ,,,,,
25E20A64,CoderA,MCQ,,,,,
25E20A64,CoderB,MCQ,,,,,
A3A2F1F6,CoderA,MCQ,,,,,
A3A2F1F6,CoderB,MCQ,,,,,
91DE428A,CoderA,MCQ,,,,,
91DE428A,CoderB,MCQ,,,,,
14F19DE2,CoderA,MCQ,,,,,
14F19DE2,CoderB,MCQ,,,,,
DF3067B8,CoderA,MCQ,,,,,
DF3067B8,CoderB,MCQ,,,,,
C602699B,CoderA,MCQ,,,,,
C602699B,CoderB,MCQ,,,,,
58DBA7DF,CoderA,MCQ,,,,,
58DBA7DF,CoderB,MCQ,,,,,
EBF486ED,CoderA,MCQ,,,,,
EBF486ED,CoderB,MCQ,,,,,
DF17F606,CoderA,MCQ,,,,,
DF17F606,CoderB,MCQ,,,,,
F6F92619,CoderA,MCQ,,,,,
F6F92619,CoderB,MCQ,,,,,
7B46921A,CoderA,SA,,,,,
7B46921A,CoderB,SA,,,,,
86E4F704,CoderA,SA,,,,,
86E4F704,CoderB,SA,,,,,
B3A33951,CoderA,SA,,,,,
B3A33951,CoderB,SA,,,,,
F2D9E33E,CoderA,SA,,,,,
F2D9E33E,CoderB,SA,,,,,
7794CFF4,CoderA,SA,,,,,
7794CFF4,CoderB,SA,,,,,
B7B19250,CoderA,SA,,,,,
B7B19250,CoderB,SA,,,,,
35157647,CoderA,SA,,,,,
35157647,CoderB,SA,,,,,
0312D162,CoderA,SA,,,,,
0312D162,CoderB,SA,,,,,
51A99935,CoderA,SA,,,,,
51A99935,CoderB,SA,,,,,
38895D34,CoderA,SA,,,,,
38895D34,CoderB,SA,,,,,
CDB04035,CoderA,SA,,,,,
CDB04035,CoderB,SA,,,,,
B21D10AA,CoderA,SA,,,,,
B21D10AA,CoderB,SA,,,,,
904B9949,CoderA,SA,,,,,
904B9949,CoderB,SA,,,,,
73FAF51C,CoderA,SA,,,,,
73FAF51C,CoderB,SA,,,,,
0E746BCC,CoderA,SA,,,,,
0E746BCC,CoderB,SA,,,,,
7B1A7F39,CoderA,SA,,,,,
7B1A7F39,CoderB,SA,,,,,
066F3CBB,CoderA,SA,,,,,
066F3CBB,CoderB,SA,,,,,
EAD2024E,CoderA,SA,,,,,
EAD2024E,CoderB,SA,,,,,
FF4068A1,CoderA,SA,,,,,
FF4068A1,CoderB,SA,,,,,
2A2A61D7,CoderA,SA,,,,,
2A2A61D7,CoderB,SA,,,,,
9B373D49,CoderA,TF,,,,,
9B373D49,CoderB,TF,,,,,
8C511CF5,CoderA,TF,,,,,
8C511CF5,CoderB,TF,,,,,
3A5F89B7,CoderA,TF,,,,,
3A5F89B7,CoderB,TF,,,,,
3BD56B94,CoderA,TF,,,,,
3BD56B94,CoderB,TF,,,,,
03C955A0,CoderA,TF,,,,,
03C955A0,CoderB,TF,,,,,
8F909F30,CoderA,TF,,,,,
8F909F30,CoderB,TF,,,,,
2BE19785,CoderA,TF,,,,,
2BE19785,CoderB,TF,,,,,
B63A1C9B,CoderA,TF,,,,,
B63A1C9B,CoderB,TF,,,,,
519557EF,CoderA,TF,,,,,
519557EF,CoderB,TF,,,,,
7A594AED,CoderA,TF,,,,,
7A594AED,CoderB,TF,,,,,
0D18FED4,CoderA,TF,,,,,
0D18FED4,CoderB,TF,,,,,
98B415F0,CoderA,TF,,,,,
98B415F0,CoderB,TF,,,,,
1A36D5FB,CoderA,TF,,,,,
1A36D5FB,CoderB,TF,,,,,
77D696AE,CoderA,TF,,,,,
77D696AE,CoderB,TF,,,,,
5755BAD0,CoderA,TF,,,,,
5755BAD0,CoderB,TF,,,,,
9FD6742E,CoderA,TF,,,,,
9FD6742E,CoderB,TF,,,,,
705FB909,CoderA,TF,,,,,
705FB909,CoderB,TF,,,,,
148F5870,CoderA,TF,,,,,
148F5870,CoderB,TF,,,,,
D150C0E5,CoderA,TF,,,,,
D150C0E5,CoderB,TF,,,,,
6F5A1ADA,CoderA,TF,,,,,
6F5A1ADA,CoderB,TF,,,,,
F7A13162,CoderA,Fill,,,,,
F7A13162,CoderB,Fill,,,,,
996748CC,CoderA,Fill,,,,,
996748CC,CoderB,Fill,,,,,
AFFF6DF9,CoderA,Fill,,,,,
AFFF6DF9,CoderB,Fill,,,,,
A696F655,CoderA,Fill,,,,,
A696F655,CoderB,Fill,,,,,
E14E7774,CoderA,Fill,,,,,
E14E7774,CoderB,Fill,,,,,
7867D68B,CoderA,Fill,,,,,
7867D68B,CoderB,Fill,,,,,
E975D65B,CoderA,Fill,,,,,
E975D65B,CoderB,Fill,,,,,
42366247,CoderA,Fill,,,,,
42366247,CoderB,Fill,,,,,
16065C85,CoderA,Fill,,,,,
16065C85,CoderB,Fill,,,,,
3B2B99F7,CoderA,Fill,,,,,
3B2B99F7,CoderB,Fill,,,,,
598E4DB9,CoderA,Fill,,,,,
598E4DB9,CoderB,Fill,,,,,
1A8AA93D,CoderA,Fill,,,,,
1A8AA93D,CoderB,Fill,,,,,
D4F736C5,CoderA,Fill,,,,,
D4F736C5,CoderB,Fill,,,,,
2C140247,CoderA,Fill,,,,,
2C140247,CoderB,Fill,,,,,
9DF3B4F4,CoderA,Fill,,,,,
9DF3B4F4,CoderB,Fill,,,,,
C31F03A5,CoderA,Fill,,,,,
C31F03A5,CoderB,Fill,,,,,
227F1679,CoderA,Fill,,,,,
227F1679,CoderB,Fill,,,,,
853C130B,CoderA,Fill,,,,,
853C130B,CoderB,Fill,,,,,
93DCE4D0,CoderA,Fill,,,,,
93DCE4D0,CoderB,Fill,,,,,
695266F6,CoderA,Fill,,,,,
695266F6,CoderB,Fill,,,,,
52BD5308,CoderA,MCQ,,,,,
52BD5308,CoderB,MCQ,,,,,
A06F24B5,CoderA,MCQ,,,,,
A06F24B5,CoderB,MCQ,,,,,
4690CF08,CoderA,MCQ,,,,,
4690CF08,CoderB,MCQ,,,,,
D9959D71,CoderA,MCQ,,,,,
D9959D71,CoderB,MCQ,,,,,
B432740E,CoderA,MCQ,,,,,
B432740E,CoderB,MCQ,,,,,
6DB1E76B,CoderA,MCQ,,,,,
6DB1E76B,CoderB,MCQ,,,,,
6D321482,CoderA,MCQ,,,,,
6D321482,CoderB,MCQ,,,,,
C1E66ABF,CoderA,MCQ,,,,,
C1E66ABF,CoderB,MCQ,,,,,
CAB876D4,CoderA,MCQ,,,,,
CAB876D4,CoderB,MCQ,,,,,
B3E23AA0,CoderA,MCQ,,,,,
B3E23AA0,CoderB,MCQ,,,,,
D3A04E22,CoderA,MCQ,,,,,
D3A04E22,CoderB,MCQ,,,,,
FDB6E8AA,CoderA,MCQ,,,,,
FDB6E8AA,CoderB,MCQ,,,,,
A67F4891,CoderA,MCQ,,,,,
A67F4891,CoderB,MCQ,,,,,
608B23E6,CoderA,MCQ,,,,,
608B23E6,CoderB,MCQ,,,,,
2500697A,CoderA,MCQ,,,,,
2500697A,CoderB,MCQ,,,,,
1C34497F,CoderA,MCQ,,,,,
1C34497F,CoderB,MCQ,,,,,
F5DA3D8B,CoderA,MCQ,,,,,
F5DA3D8B,CoderB,MCQ,,,,,
FBFDB4F7,CoderA,MCQ,,,,,
FBFDB4F7,CoderB,MCQ,,,,,
765264B0,CoderA,MCQ,,,,,
765264B0,CoderB,MCQ,,,,,
0A93F70E,CoderA,MCQ,,,,,
0A93F70E,CoderB,MCQ,,,,,
074E520B,CoderA,SA,,,,,
074E520B,CoderB,SA,,,,,
52B4DDF6,CoderA,SA,,,,,
52B4DDF6,CoderB,SA,,,,,
68EB9CD4,CoderA,SA,,,,,
68EB9CD4,CoderB,SA,,,,,
F9B24B9D,CoderA,SA,,,,,
F9B24B9D,CoderB,SA,,,,,
28B3A468,CoderA,SA,,,,,
28B3A468,CoderB,SA,,,,,
B0246D2D,CoderA,SA,,,,,
B0246D2D,CoderB,SA,,,,,
38A85A7F,CoderA,SA,,,,,
38A85A7F,CoderB,SA,,,,,
68CC3296,CoderA,SA,,,,,
68CC3296,CoderB,SA,,,,,
36349B5E,CoderA,SA,,,,,
36349B5E,CoderB,SA,,,,,
438B6B2F,CoderA,SA,,,,,
438B6B2F,CoderB,SA,,,,,
251B18FA,CoderA,SA,,,,,
251B18FA,CoderB,SA,,,,,
8B73B282,CoderA,SA,,,,,
8B73B282,CoderB,SA,,,,,
F7979DC2,CoderA,SA,,,,,
F7979DC2,CoderB,SA,,,,,
8C7CD85B,CoderA,SA,,,,,
8C7CD85B,CoderB,SA,,,,,
ABEF6B1B,CoderA,SA,,,,,
ABEF6B1B,CoderB,SA,,,,,
1D95DCE9,CoderA,SA,,,,,
1D95DCE9,CoderB,SA,,,,,
C6F83491,CoderA,SA,,,,,
C6F83491,CoderB,SA,,,,,
516BC99F,CoderA,SA,,,,,
516BC99F,CoderB,SA,,,,,
8342CF06,CoderA,SA,,,,,
8342CF06,CoderB,SA,,,,,
B95AB628,CoderA,SA,,,,,
B95AB628,CoderB,SA,,,,,
849C70BE,CoderA,TF,,,,,
849C70BE,CoderB,TF,,,,,
B41D46B0,CoderA,TF,,,,,
B41D46B0,CoderB,TF,,,,,
1B852A02,CoderA,TF,,,,,
1B852A02,CoderB,TF,,,,,
0749E6B7,CoderA,TF,,,,,
0749E6B7,CoderB,TF,,,,,
5B298269,CoderA,TF,,,,,
5B298269,CoderB,TF,,,,,
8109554F,CoderA,TF,,,,,
8109554F,CoderB,TF,,,,,
4CF5F548,CoderA,TF,,,,,
4CF5F548,CoderB,TF,,,,,
C0E98B3B,CoderA,TF,,,,,
C0E98B3B,CoderB,TF,,,,,
EACB4042,CoderA,TF,,,,,
EACB4042,CoderB,TF,,,,,
6BDFDF77,CoderA,TF,,,,,
6BDFDF77,CoderB,TF,,,,,
DAA37412,CoderA,TF,,,,,
DAA37412,CoderB,TF,,,,,
63DBB385,CoderA,TF,,,,,
63DBB385,CoderB,TF,,,,,
88E0BE52,CoderA,TF,,,,,
88E0BE52,CoderB,TF,,,,,
883B6186,CoderA,TF,,,,,
883B6186,CoderB,TF,,,,,
FBCBECBA,CoderA,TF,,,,,
FBCBECBA,CoderB,TF,,,,,
1AC88D8A,CoderA,TF,,,,,
1AC88D8A,CoderB,TF,,,,,
440265C4,CoderA,TF,,,,,
440265C4,CoderB,TF,,,,,
7A02EBD0,CoderA,TF,,,,,
7A02EBD0,CoderB,TF,,,,,
BBDE76CF,CoderA,TF,,,,,
BBDE76CF,CoderB,TF,,,,,
AC6FC326,CoderA,TF,,,,,
AC6FC326,CoderB,TF,,,,,
FEC70477,CoderA,Fill,,,,,
FEC70477,CoderB,Fill,,,,,
F9C0BD4C,CoderA,Fill,,,,,
F9C0BD4C,CoderB,Fill,,,,,
468DB0CF,CoderA,Fill,,,,,
468DB0CF,CoderB,Fill,,,,,
90035EFF,CoderA,Fill,,,,,
90035EFF,CoderB,Fill,,,,,
E7F192C4,CoderA,Fill,,,,,
E7F192C4,CoderB,Fill,,,,,
C23E5C94,CoderA,Fill,,,,,
C23E5C94,CoderB,Fill,,,,,
D6B94C7B,CoderA,Fill,,,,,
D6B94C7B,CoderB,Fill,,,,,
849352F4,CoderA,Fill,,,,,
849352F4,CoderB,Fill,,,,,
57B45918,CoderA,Fill,,,,,
57B45918,CoderB,Fill,,,,,
8E51FE8D,CoderA,Fill,,,,,
8E51FE8D,CoderB,Fill,,,,,
896E1C24,CoderA,Fill,,,,,
896E1C24,CoderB,Fill,,,,,
983F1C42,CoderA,Fill,,,,,
983F1C42,CoderB,Fill,,,,,
696FD742,CoderA,Fill,,,,,
696FD742,CoderB,Fill,,,,,
69AD47C5,CoderA,Fill,,,,,
69AD47C5,CoderB,Fill,,,,,
B719D755,CoderA,Fill,,,,,
B719D755,CoderB,Fill,,,,,
1DB44C7F,CoderA,Fill,,,,,
1DB44C7F,CoderB,Fill,,,,,
4766B99E,CoderA,Fill,,,,,
4766B99E,CoderB,Fill,,,,,
566F7A8D,CoderA,Fill,,,,,
566F7A8D,CoderB,Fill,,,,,
B8D2CAA5,CoderA,Fill,,,,,
B8D2CAA5,CoderB,Fill,,,,,
76823012,CoderA,Fill,,,,,
76823012,CoderB,Fill,,,,,
7E0FA5F3,CoderA,MCQ,,,,,
7E0FA5F3,CoderB,MCQ,,,,,
823FABDE,CoderA,MCQ,,,,,
823FABDE,CoderB,MCQ,,,,,
959654A0,CoderA,MCQ,,,,,
959654A0,CoderB,MCQ,,,,,
C0007577,CoderA,MCQ,,,,,
C0007577,CoderB,MCQ,,,,,
D76BD3B7,CoderA,MCQ,,,,,
D76BD3B7,CoderB,MCQ,,,,,
6C81E468,CoderA,MCQ,,,,,
6C81E468,CoderB,MCQ,,,,,
F66CC094,CoderA,MCQ,,,,,
F66CC094,CoderB,MCQ,,,,,
4D0C1A71,CoderA,MCQ,,,,,
4D0C1A71,CoderB,MCQ,,,,,
BFDFD023,CoderA,MCQ,,,,,
BFDFD023,CoderB,MCQ,,,,,
040A45CF,CoderA,MCQ,,,,,
040A45CF,CoderB,MCQ,,,,,
1B9B4258,CoderA,MCQ,,,,,
1B9B4258,CoderB,MCQ,,,,,
2A219131,CoderA,MCQ,,,,,
2A219131,CoderB,MCQ,,,,,
24B9B856,CoderA,MCQ,,,,,
24B9B856,CoderB,MCQ,,,,,
3AE7868E,CoderA,MCQ,,,,,
3AE7868E,CoderB,MCQ,,,,,
C2DB02D1,CoderA,MCQ,,,,,
C2DB02D1,CoderB,MCQ,,,,,
4539D52D,CoderA,MCQ,,,,,
4539D52D,CoderB,MCQ,,,,,
59456491,CoderA,MCQ,,,,,
59456491,CoderB,MCQ,,,,,
B3DB516C,CoderA,MCQ,,,,,
B3DB516C,CoderB,MCQ,,,,,
27E77249,CoderA,MCQ,,,,,
27E77249,CoderB,MCQ,,,,,
4B06E939,CoderA,MCQ,,,,,
4B06E939,CoderB,MCQ,,,,,
2677DF9E,CoderA,SA,,,,,
2677DF9E,CoderB,SA,,,,,
3ECB736D,CoderA,SA,,,,,
3ECB736D,CoderB,SA,,,,,
A4ED93F0,CoderA,SA,,,,,
A4ED93F0,CoderB,SA,,,,,
AF006461,CoderA,SA,,,,,
AF006461,CoderB,SA,,,,,
FF13CEC9,CoderA,SA,,,,,
FF13CEC9,CoderB,SA,,,,,
494B63BD,CoderA,SA,,,,,
494B63BD,CoderB,SA,,,,,
B4895D95,CoderA,SA,,,,,
B4895D95,CoderB,SA,,,,,
DD81697E,CoderA,SA,,,,,
DD81697E,CoderB,SA,,,,,
36CDC511,CoderA,SA,,,,,
36CDC511,CoderB,SA,,,,,
03180F9D,CoderA,SA,,,,,
03180F9D,CoderB,SA,,,,,
00CD5A32,CoderA,SA,,,,,
00CD5A32,CoderB,SA,,,,,
8507808A,CoderA,SA,,,,,
8507808A,CoderB,SA,,,,,
626A4F89,CoderA,SA,,,,,
626A4F89,CoderB,SA,,,,,
1AC20D0E,CoderA,SA,,,,,
1AC20D0E,CoderB,SA,,,,,
866697D7,CoderA,SA,,,,,
866697D7,CoderB,SA,,,,,
B8DEED5B,CoderA,SA,,,,,
B8DEED5B,CoderB,SA,,,,,
A063E7D6,CoderA,SA,,,,,
A063E7D6,CoderB,SA,,,,,
E17C4377,CoderA,SA,,,,,
E17C4377,CoderB,SA,,,,,
7A7CCEBD,CoderA,SA,,,,,
7A7CCEBD,CoderB,SA,,,,,
9B2DA4D5,CoderA,SA,,,,,
9B2DA4D5,CoderB,SA,,,,,
09D00798,CoderA,TF,,,,,
09D00798,CoderB,TF,,,,,
76BAF7DE,CoderA,TF,,,,,
76BAF7DE,CoderB,TF,,,,,
728597DC,CoderA,TF,,,,,
728597DC,CoderB,TF,,,,,
47EEA300,CoderA,TF,,,,,
47EEA300,CoderB,TF,,,,,
544DF8C3,CoderA,TF,,,,,
544DF8C3,CoderB,TF,,,,,
DF81DB33,CoderA,TF,,,,,
DF81DB33,CoderB,TF,,,,,
CB02B47E,CoderA,TF,,,,,
CB02B47E,CoderB,TF,,,,,
CD54D31B,CoderA,TF,,,,,
CD54D31B,CoderB,TF,,,,,
6B719534,CoderA,TF,,,,,
6B719534,CoderB,TF,,,,,
DA35DEF9,CoderA,TF,,,,,
DA35DEF9,CoderB,TF,,,,,
E04F4DD2,CoderA,TF,,,,,
E04F4DD2,CoderB,TF,,,,,
357173A2,CoderA,TF,,,,,
357173A2,CoderB,TF,,,,,
CA1CF47A,CoderA,TF,,,,,
CA1CF47A,CoderB,TF,,,,,
2D8E404E,CoderA,TF,,,,,
2D8E404E,CoderB,TF,,,,,
E4A64028,CoderA,TF,,,,,
E4A64028,CoderB,TF,,,,,
C1D2D3F1,CoderA,TF,,,,,
C1D2D3F1,CoderB,TF,,,,,
CF934B65,CoderA,TF,,,,,
CF934B65,CoderB,TF,,,,,
B933C871,CoderA,TF,,,,,
B933C871,CoderB,TF,,,,,
CCC8DE73,CoderA,TF,,,,,
CCC8DE73,CoderB,TF,,,,,
B361F7A4,CoderA,TF,,,,,
B361F7A4,CoderB,TF,,,,,
B7939388,CoderA,Fill,,,,,
B7939388,CoderB,Fill,,,,,
7F32D018,CoderA,Fill,,,,,
7F32D018,CoderB,Fill,,,,,
134D8204,CoderA,Fill,,,,,
134D8204,CoderB,Fill,,,,,
0CCCC593,CoderA,Fill,,,,,
0CCCC593,CoderB,Fill,,,,,
75F4E0F6,CoderA,Fill,,,,,
75F4E0F6,CoderB,Fill,,,,,
CF0259A0,CoderA,Fill,,,,,
CF0259A0,CoderB,Fill,,,,,
530BA02C,CoderA,Fill,,,,,
530BA02C,CoderB,Fill,,,,,
3E5F74D5,CoderA,Fill,,,,,
3E5F74D5,CoderB,Fill,,,,,
AF9A57CE,CoderA,Fill,,,,,
AF9A57CE,CoderB,Fill,,,,,
89F9E701,CoderA,Fill,,,,,
89F9E701,CoderB,Fill,,,,,
1412CE53,CoderA,Fill,,,,,
1412CE53,CoderB,Fill,,,,,
8603DBE6,CoderA,Fill,,,,,
8603DBE6,CoderB,Fill,,,,,
A923DC32,CoderA,Fill,,,,,
A923DC32,CoderB,Fill,,,,,
0276D44D,CoderA,Fill,,,,,
0276D44D,CoderB,Fill,,,,,
FA1C33C1,CoderA,Fill,,,,,
FA1C33C1,CoderB,Fill,,,,,
6D688972,CoderA,Fill,,,,,
6D688972,CoderB,Fill,,,,,
936F1910,CoderA,Fill,,,,,
936F1910,CoderB,Fill,,,,,
ADE60BBB,CoderA,Fill,,,,,
ADE60BBB,CoderB,Fill,,,,,
EC553B66,CoderA,Fill,,,,,
EC553B66,CoderB,Fill,,,,,
2742EBCB,CoderA,Fill,,,,,
2742EBCB,CoderB,Fill,,,,,
297E6B16,CoderA,MCQ,,,,,
297E6B16,CoderB,MCQ,,,,,
896181DA,CoderA,MCQ,,,,,
896181DA,CoderB,MCQ,,,,,
996C2F10,CoderA,MCQ,,,,,
996C2F10,CoderB,MCQ,,,,,
0039AAD6,CoderA,MCQ,,,,,
0039AAD6,CoderB,MCQ,,,,,
B952E666,CoderA,MCQ,,,,,
B952E666,CoderB,MCQ,,,,,
001F149F,CoderA,MCQ,,,,,
001F149F,CoderB,MCQ,,,,,
8E47A6FB,CoderA,MCQ,,,,,
8E47A6FB,CoderB,MCQ,,,,,
F2F5CED6,CoderA,MCQ,,,,,
F2F5CED6,CoderB,MCQ,,,,,
15B2168F,CoderA,MCQ,,,,,
15B2168F,CoderB,MCQ,,,,,
8F330DE3,CoderA,MCQ,,,,,
8F330DE3,CoderB,MCQ,,,,,
44436A35,CoderA,MCQ,,,,,
44436A35,CoderB,MCQ,,,,,
810AB18A,CoderA,MCQ,,,,,
810AB18A,CoderB,MCQ,,,,,
93C19917,CoderA,MCQ,,,,,
93C19917,CoderB,MCQ,,,,,
03D028FE,CoderA,MCQ,,,,,
03D028FE,CoderB,MCQ,,,,,
84851F35,CoderA,MCQ,,,,,
84851F35,CoderB,MCQ,,,,,
B34F6001,CoderA,MCQ,,,,,
B34F6001,CoderB,MCQ,,,,,
4C6370D6,CoderA,MCQ,,,,,
4C6370D6,CoderB,MCQ,,,,,
8BD8B2B6,CoderA,MCQ,,,,,
8BD8B2B6,CoderB,MCQ,,,,,
3C3BA406,CoderA,MCQ,,,,,
3C3BA406,CoderB,MCQ,,,,,
2F6843CC,CoderA,MCQ,,,,,
2F6843CC,CoderB,MCQ,,,,,
3CB9F81B,CoderA,SA,,,,,
3CB9F81B,CoderB,SA,,,,,
BFE57493,CoderA,SA,,,,,
BFE57493,CoderB,SA,,,,,
33D40113,CoderA,SA,,,,,
33D40113,CoderB,SA,,,,,
ACBDEC8C,CoderA,SA,,,,,
ACBDEC8C,CoderB,SA,,,,,
7BC8A9B9,CoderA,SA,,,,,
7BC8A9B9,CoderB,SA,,,,,
C1EC6BE6,CoderA,SA,,,,,
C1EC6BE6,CoderB,SA,,,,,
42D3E20F,CoderA,SA,,,,,
42D3E20F,CoderB,SA,,,,,
6E4A0A20,CoderA,SA,,,,,
6E4A0A20,CoderB,SA,,,,,
A27CAF3A,CoderA,SA,,,,,
A27CAF3A,CoderB,SA,,,,,
3F013F65,CoderA,SA,,,,,
3F013F65,CoderB,SA,,,,,
452DD698,CoderA,SA,,,,,
452DD698,CoderB,SA,,,,,
3DDB235D,CoderA,SA,,,,,
3DDB235D,CoderB,SA,,,,,
E9B84B28,CoderA,SA,,,,,
E9B84B28,CoderB,SA,,,,,
55CFDAB8,CoderA,SA,,,,,
55CFDAB8,CoderB,SA,,,,,
94AF9832,CoderA,SA,,,,,
94AF9832,CoderB,SA,,,,,
5CA06077,CoderA,SA,,,,,
5CA06077,CoderB,SA,,,,,
A1EFC151,CoderA,SA,,,,,
A1EFC151,CoderB,SA,,,,,
3E5D8FED,CoderA,SA,,,,,
3E5D8FED,CoderB,SA,,,,,
F65E63FF,CoderA,SA,,,,,
F65E63FF,CoderB,SA,,,,,
365399B2,CoderA,SA,,,,,
365399B2,CoderB,SA,,,,,
B71599C6,CoderA,TF,,,,,
B71599C6,CoderB,TF,,,,,
C4EF4933,CoderA,TF,,,,,
C4EF4933,CoderB,TF,,,,,
18255B0C,CoderA,TF,,,,,
18255B0C,CoderB,TF,,,,,
B57B0871,CoderA,TF,,,,,
B57B0871,CoderB,TF,,,,,
3E695849,CoderA,TF,,,,,
3E695849,CoderB,TF,,,,,
6DC68BEA,CoderA,TF,,,,,
6DC68BEA,CoderB,TF,,,,,
DAB5D99C,CoderA,TF,,,,,
DAB5D99C,CoderB,TF,,,,,
9EA8A45D,CoderA,TF,,,,,
9EA8A45D,CoderB,TF,,,,,
A4CAFC15,CoderA,TF,,,,,
A4CAFC15,CoderB,TF,,,,,
CA5699A6,CoderA,TF,,,,,
CA5699A6,CoderB,TF,,,,,
DADFDCC2,CoderA,TF,,,,,
DADFDCC2,CoderB,TF,,,,,
3F8F393D,CoderA,TF,,,,,
3F8F393D,CoderB,TF,,,,,
3419CF8D,CoderA,TF,,,,,
3419CF8D,CoderB,TF,,,,,
09DB6582,CoderA,TF,,,,,
09DB6582,CoderB,TF,,,,,
DF1CE73F,CoderA,TF,,,,,
DF1CE73F,CoderB,TF,,,,,
E4BCE545,CoderA,TF,,,,,
E4BCE545,CoderB,TF,,,,,
66192338,CoderA,TF,,,,,
66192338,CoderB,TF,,,,,
1F64F530,CoderA,TF,,,,,
1F64F530,CoderB,TF,,,,,
63189E7F,CoderA,TF,,,,,
63189E7F,CoderB,TF,,,,,
11374E63,CoderA,TF,,,,,
11374E63,CoderB,TF,,,,,
9ECF3F96,CoderA,Fill,,,,,
9ECF3F96,CoderB,Fill,,,,,
B3B4F0CF,CoderA,Fill,,,,,
B3B4F0CF,CoderB,Fill,,,,,
0384099F,CoderA,Fill,,,,,
0384099F,CoderB,Fill,,,,,
1B32B384,CoderA,Fill,,,,,
1B32B384,CoderB,Fill,,,,,
7B738C75,CoderA,Fill,,,,,
7B738C75,CoderB,Fill,,,,,
BAA083ED,CoderA,Fill,,,,,
BAA083ED,CoderB,Fill,,,,,
DC4D4981,CoderA,Fill,,,,,
DC4D4981,CoderB,Fill,,,,,
0FCFD676,CoderA,Fill,,,,,
0FCFD676,CoderB,Fill,,,,,
705A9C70,CoderA,Fill,,,,,
705A9C70,CoderB,Fill,,,,,
54DE1B11,CoderA,Fill,,,,,
54DE1B11,CoderB,Fill,,,,,
47A69ABC,CoderA,Fill,,,,,
47A69ABC,CoderB,Fill,,,,,
22215713,CoderA,Fill,,,,,
22215713,CoderB,Fill,,,,,
00690C3B,CoderA,Fill,,,,,
00690C3B,CoderB,Fill,,,,,
3477B66C,CoderA,Fill,,,,,
3477B66C,CoderB,Fill,,,,,
434A003C,CoderA,Fill,,,,,
434A003C,CoderB,Fill,,,,,
C25FC856,CoderA,Fill,,,,,
C25FC856,CoderB,Fill,,,,,
15E59996,CoderA,Fill,,,,,
15E59996,CoderB,Fill,,,,,
547E034E,CoderA,Fill,,,,,
547E034E,CoderB,Fill,,,,,
6EDB73FB,CoderA,Fill,,,,,
6EDB73FB,CoderB,Fill,,,,,
E283E903,CoderA,Fill,,,,,
E283E903,CoderB,Fill,,,,,
7CD44B13,CoderA,MCQ,,,,,
7CD44B13,CoderB,MCQ,,,,,
D1A83197,CoderA,MCQ,,,,,
D1A83197,CoderB,MCQ,,,,,
3090B4BA,CoderA,MCQ,,,,,
3090B4BA,CoderB,MCQ,,,,,
B6D5F669,CoderA,MCQ,,,,,
B6D5F669,CoderB,MCQ,,,,,
58DC7707,CoderA,MCQ,,,,,
58DC7707,CoderB,MCQ,,,,,
A3695946,CoderA,MCQ,,,,,
A3695946,CoderB,MCQ,,,,,
FAC0C45C,CoderA,MCQ,,,,,
FAC0C45C,CoderB,MCQ,,,,,
2E2DE2BC,CoderA,MCQ,,,,,
2E2DE2BC,CoderB,MCQ,,,,,
B1DBBFEB,CoderA,MCQ,,,,,
B1DBBFEB,CoderB,MCQ,,,,,
AA57D6EC,CoderA,MCQ,,,,,
AA57D6EC,CoderB,MCQ,,,,,
D44240E3,CoderA,MCQ,,,,,
D44240E3,CoderB,MCQ,,,,,
C21D364C,CoderA,MCQ,,,,,
C21D364C,CoderB,MCQ,,,,,
0B1D3873,CoderA,MCQ,,,,,
0B1D3873,CoderB,MCQ,,,,,
A2FE61A7,CoderA,MCQ,,,,,
A2FE61A7,CoderB,MCQ,,,,,
8B26D419,CoderA,MCQ,,,,,
8B26D419,CoderB,MCQ,,,,,
01D8BD16,CoderA,MCQ,,,,,
01D8BD16,CoderB,MCQ,,,,,
C22BFAF2,CoderA,MCQ,,,,,
C22BFAF2,CoderB,MCQ,,,,,
51D20BDF,CoderA,MCQ,,,,,
51D20BDF,CoderB,MCQ,,,,,
F04502C7,CoderA,MCQ,,,,,
F04502C7,CoderB,MCQ,,,,,
2207D853,CoderA,MCQ,,,,,
2207D853,CoderB,MCQ,,,,,
D5BEC2BA,CoderA,SA,,,,,
D5BEC2BA,CoderB,SA,,,,,
20AF1122,CoderA,SA,,,,,
20AF1122,CoderB,SA,,,,,
32700492,CoderA,SA,,,,,
32700492,CoderB,SA,,,,,
E8087171,CoderA,SA,,,,,
E8087171,CoderB,SA,,,,,
38ECDDB2,CoderA,SA,,,,,
38ECDDB2,CoderB,SA,,,,,
BE753873,CoderA,SA,,,,,
BE753873,CoderB,SA,,,,,
6853CDAF,CoderA,SA,,,,,
6853CDAF,CoderB,SA,,,,,
43C78799,CoderA,SA,,,,,
43C78799,CoderB,SA,,,,,
3EBE3B45,CoderA,SA,,,,,
3EBE3B45,CoderB,SA,,,,,
DC4C793A,CoderA,SA,,,,,
DC4C793A,CoderB,SA,,,,,
044B8300,CoderA,SA,,,,,
044B8300,CoderB,SA,,,,,
8DBC237E,CoderA,SA,,,,,
8DBC237E,CoderB,SA,,,,,
278E2848,CoderA,SA,,,,,
278E2848,CoderB,SA,,,,,
3592A0D4,CoderA,SA,,,,,
3592A0D4,CoderB,SA,,,,,
80E01945,CoderA,SA,,,,,
80E01945,CoderB,SA,,,,,
F4284066,CoderA,SA,,,,,
F4284066,CoderB,SA,,,,,
1720D4C2,CoderA,SA,,,,,
1720D4C2,CoderB,SA,,,,,
73CF2E3B,CoderA,SA,,,,,
73CF2E3B,CoderB,SA,,,,,
9557D832,CoderA,SA,,,,,
9557D832,CoderB,SA,,,,,
A8BD94A2,CoderA,SA,,,,,
A8BD94A2,CoderB,SA,,,,,
C376A7FE,CoderA,TF,,,,,
C376A7FE,CoderB,TF,,,,,
869A8E1D,CoderA,TF,,,,,
869A8E1D,CoderB,TF,,,,,
692E4F41,CoderA,TF,,,,,
692E4F41,CoderB,TF,,,,,
840A6BFC,CoderA,TF,,,,,
840A6BFC,CoderB,TF,,,,,
F901BAA6,CoderA,TF,,,,,
F901BAA6,CoderB,TF,,,,,
63D170A4,CoderA,TF,,,,,
63D170A4,CoderB,TF,,,,,
210E8ABE,CoderA,TF,,,,,
210E8ABE,CoderB,TF,,,,,
266EA144,CoderA,TF,,,,,
266EA144,CoderB,TF,,,,,
5224424D,CoderA,TF,,,,,
5224424D,CoderB,TF,,,,,
636D915C,CoderA,TF,,,,,
636D915C,CoderB,TF,,,,,
28101D48,CoderA,TF,,,,,
28101D48,CoderB,TF,,,,,
327DCBBD,CoderA,TF,,,,,
327DCBBD,CoderB,TF,,,,,
846DA4AC,CoderA,TF,,,,,
846DA4AC,CoderB,TF,,,,,
4B5B7451,CoderA,TF,,,,,
4B5B7451,CoderB,TF,,,,,
2A46A73D,CoderA,TF,,,,,
2A46A73D,CoderB,TF,,,,,
5FC25743,CoderA,TF,,,,,
5FC25743,CoderB,TF,,,,,
A531D6D0,CoderA,TF,,,,,
A531D6D0,CoderB,TF,,,,,
749D6B0D,CoderA,TF,,,,,
749D6B0D,CoderB,TF,,,,,
54D7FD17,CoderA,TF,,,,,
54D7FD17,CoderB,TF,,,,,
89B98124,CoderA,TF,,,,,
89B98124,CoderB,TF,,,,,
