mathdial_qid,mathdial_scenario_idx,problem,correct_solution,original_incorrect_solution,student_profile,teacher_described_confusion,original_conversation,original_tutor_turns,original_student_turns,n_tutor_turns,n_student_turns,self_correctness,self_typical_confusion,self_typical_interactions,topic,error_type,difficulty,self_correction_flag,teacher_move_mix,scenario_id
5000046,2,An Italian restaurant earns $600 every weekday and twice as much on the weekend. How much money does it earn by the end of the month?,"On weekdays it earns $600/weekday * 5 weekdays = $3000
During the weekend it earns twice as much each day so it makes ($600 * 2)/weekend day * 2 weekend days = $2400
Every week it earns $3000 + $2400 = $5400
By the end of the month, it earns $5400/week * 4 weeks = $21600
 21600","There are 5 weekdays in a week.
So, the Italian restaurant earns 5 x $600 = $3000 every weekday in a week.
And, it earns 2 x $600 = $1200 every weekend in a week.
Therefore, in a week, the Italian restaurant earns a total of $3000 + $1200 = $4200.
In a month (assuming 4 weeks), it earns $4200 x 4 = $16800.
 16800",Jia is a 7th grade student. She struggle most with understanding what the problem is asking them to do.,the student forgot to take into account the double amount for the weekends. Easily resolved,"Teacher: (probing)do you think maybe you should check your weekend figures as these were different to the weekday ones|EOM|Student: Oh, I see. I forgot to multiply the weekend earnings by two. The correct answer is $17,600.|EOM|Teacher: (probing)what total would your weekend figure be|EOM|Student: The total for the weekend would be 2 x $600 = $1200.|EOM|Teacher: (probing)correct so if you now add this to the weekly figure of 3000 what would the weekly total be|EOM|Student: The weekly total would be $3000 + $1200 = $4200.|EOM|Teacher: (focus)so if we then times this figure by 4 the total for the month would be how much|EOM|Student: The total for the month would be $4200 x 4 = $16,800.|EOM|Teacher: (generic)correct well done","[""(probing)do you think maybe you should check your weekend figures as these were different to the weekday ones"", ""(probing)what total would your weekend figure be"", ""(probing)correct so if you now add this to the weekly figure of 3000 what would the weekly total be"", ""(focus)so if we then times this figure by 4 the total for the month would be how much"", ""(generic)correct well done""]","[""Oh, I see. I forgot to multiply the weekend earnings by two. The correct answer is $17,600."", ""The total for the weekend would be 2 x $600 = $1200."", ""The weekly total would be $3000 + $1200 = $4200."", ""The total for the month would be $4200 x 4 = $16,800.""]",5,4,Yes,4.0,4.0,arithmetic,procedural_slip,medium,True,"{'Focus': 0.2, 'Probing': 0.0, 'Telling': 0.2, 'Generic': 0.6}",SC_1250
5001091,5,"Harry decided to buy some balloons for his friend's birthday party. One balloon costs $0.5, and a pack of 10 balloons is cheaper and costs only $3. Finally, Harry wants to bring to the party exactly 14 balloons. How much did he need to pay for them?","To buy 14 balloons, Harry should buy one pack of 10, and 14 - 10 = 4 separate balloons.
The price of 4 balloons is 4 * 0.5 = $2.
In total, the pack and separate balloons would cost Harry in total 3 + 2 = $5.
 5","Harry needs to buy 2 packs of 10 balloons, which will give him 20 balloons in total. He will then need to buy 4 more individual balloons to get to 14. 

2 packs of 10 balloons cost 2 x $3 = $6.
4 individual balloons cost 4 x $0.5 = $2.

Therefore, Harry needed to pay $6 + $2 = $8 for 14 balloons. 

 8",Riya is a 7th grade student. She struggle most with understanding what the problem is asking them to do.,Student thought he needed to buy 2 packs of 10.,"Teacher: (generic)Hi, can you explain your answer?|EOM|Teacher: (generic)Hi Riya, can you tell me how you solved this?|EOM|Student: Sure. I figured that Harry needed to buy 2 packs of 10 balloons, which would give him 20 balloons in total. Then he would need to buy 4 more individual balloons to get to 14. So I calculated that 2 packs of 10 balloons cost 2 x $3 = $6 and 4 individual balloons cost 4 x $0.5 = $2. So, the total cost was $6 + $2 = $8.|EOM|Teacher: (focus)OK, let's go back to the question. If Harry needs 14 balloons, how many packs of 10 does he need?|EOM|Student: Harry needs 2 packs of 10 balloons to get to 14 balloons.|EOM|Teacher: (telling)He only needs one pack of 10, then he will buy 4 single balloons.|EOM|Student: Oh, okay. So Harry needs 1 pack of 10 balloons and 4 individual balloons, which would cost 1 x $3 = $3 for the pack and 4 x $0.5 = $2 for the individual balloons. So the total cost would be $3 + $2 = $5.|EOM|Teacher: (generic)Well done!","[""(generic)Hi, can you explain your answer?"", ""(generic)Hi Riya, can you tell me how you solved this?"", ""(focus)OK, let's go back to the question. If Harry needs 14 balloons, how many packs of 10 does he need?"", ""(telling)He only needs one pack of 10, then he will buy 4 single balloons."", ""(generic)Well done!""]","[""Sure. I figured that Harry needed to buy 2 packs of 10 balloons, which would give him 20 balloons in total. Then he would need to buy 4 more individual balloons to get to 14. So I calculated that 2 packs of 10 balloons cost 2 x $3 = $6 and 4 individual balloons cost 4 x $0.5 = $2. So, the total cost was $6 + $2 = $8."", ""Harry needs 2 packs of 10 balloons to get to 14 balloons."", ""Oh, okay. So Harry needs 1 pack of 10 balloons and 4 individual balloons, which would cost 1 x $3 = $3 for the pack and 4 x $0.5 = $2 for the individual balloons. So the total cost would be $3 + $2 = $5.""]",5,3,Yes,3.0,4.0,arithmetic,miscellaneous,medium,True,"{'Focus': 0.2, 'Probing': 0.2, 'Telling': 0.0, 'Generic': 0.6}",SC_0921
5000411,4,"It took Alice three months to save up to buy new shoes. If she saved 10 dollars the first month and 30 more each month, how much did she have saved by the end of the third month?","The first month she saved 10 dollars
By the second month, she had 10+30=40 dollars saved
By the third month, she had 40+30=70 dollars saved
 70","Alice saved 10 dollars the first month and 30 more each month, so she saved 10+30 = 40 dollars in the second month.
She saved 10+30+30 = 70 dollars in the third month.
Therefore, Alice saved a total of 10+40+70 = 120 dollars by the end of the third month.
 120",Riya is a 7th grade student. She struggle to recognize the problem type and therefore do not know what strategy to use to solve it.,"The student increased the amount to add on by 30 dollars, rather than just adding 30 dollars each time","Teacher: (generic)please talk me through your solution Riya|EOM|Student: Sure, I started by adding the amount Alice saved in the first month, which was 10 dollars. Then I added the amount she saved in the second month, which was 30 more than the first month, so that was 40 dollars. Finally, I added the amount she saved in the third month, which was 30 more than the second month, so that was 70 dollars. So when I added all of those together, I got 10+40+70=120 dollars.|EOM|Teacher: (probing)so how much did Alice have saved after 2 months?|EOM|Student: After two months, Alice had saved 10+30=40 dollars.|EOM|Teacher: (probing)and how much did she have saved after three months?|EOM|Student: After three months, Alice had saved 10+40+70=120 dollars.|EOM|Teacher: (focus)how many more dollars did she have saved after three months compared to after two months?|EOM|Student: After three months, Alice had saved 70 more dollars compared to after two months.|EOM|Teacher: (focus)check the question again and see if you can tell me how many more dollars Alice had at 3 months compared to two months|EOM|Student: After three months, Alice had saved 70 more dollars compared to after two months. So she had 70 more dollars at the end of the third month than she did at the end of the second month.|EOM|Teacher: (telling)if she had 40 dollars saved after the second month, and she saved 30 more, how many would she have?|EOM|Student: After the second month, Alice had 40 dollars saved. If she saved 30 more, she would have 70 dollars saved at the end of the third month.|EOM|Teacher: (generic)correct, well done|EOM|Student: Thank you!","[""(generic)please talk me through your solution Riya"", ""(probing)so how much did Alice have saved after 2 months?"", ""(probing)and how much did she have saved after three months?"", ""(focus)how many more dollars did she have saved after three months compared to after two months?"", ""(focus)check the question again and see if you can tell me how many more dollars Alice had at 3 months compared to two months"", ""(telling)if she had 40 dollars saved after the second month, and she saved 30 more, how many would she have?"", ""(generic)correct, well done""]","[""Sure, I started by adding the amount Alice saved in the first month, which was 10 dollars. Then I added the amount she saved in the second month, which was 30 more than the first month, so that was 40 dollars. Finally, I added the amount she saved in the third month, which was 30 more than the second month, so that was 70 dollars. So when I added all of those together, I got 10+40+70=120 dollars."", ""After two months, Alice had saved 10+30=40 dollars."", ""After three months, Alice had saved 10+40+70=120 dollars."", ""After three months, Alice had saved 70 more dollars compared to after two months."", ""After three months, Alice had saved 70 more dollars compared to after two months. So she had 70 more dollars at the end of the third month than she did at the end of the second month."", ""After the second month, Alice had 40 dollars saved. If she saved 30 more, she would have 70 dollars saved at the end of the third month."", ""Thank you!""]",7,7,"Yes, but I had to reveal the answer",4.0,4.0,fractions,miscellaneous,easy,False,"{'Focus': 0.714, 'Probing': 0.0, 'Telling': 0.0, 'Generic': 0.286}",SC_0046
5000365,3,"The space station, Lupus-1, is an enormous spacecraft made up of three identical cylindrical structures that house the living quarters for the crew.   The three cylindrical structures are linked together by a series of tunnels that hold them together and allow the crew to move between cylinders.  Each cylindrical structure contains 12 bedrooms, 7 bathrooms, and several kitchens.  If the entire space station has 72 rooms, how many kitchens are there on the entire space station?","If there are 3 identical cylindrical structures, with a combined total of 72 rooms, then each individual cylindrical structure contains 72/3=24 rooms.
In each 24-room cylindrical structure, there are 24-12-7=5 kitchens.
Thus, the entire, three-cylinder space station contains a total of 3*5=15 kitchens.
 15","Each cylindrical structure has 12 + 7 + x = 19 + x rooms, where x is the number of kitchens.
Since there are three cylindrical structures, the total number of rooms is 3(19+x) = 57+3x.
We know that the total number of rooms is 72, so 57+3x = 72.
Subtracting 57 from both sides gives 3x = 15.
Dividing both sides by 3 gives x = 5.
Therefore, there are 5 kitchens on the entire space station.
 5",Riya is a 7th grade student. She struggle to recognize the problem type and therefore do not know what strategy to use to solve it.,The student had overcomplicated the equation.,"Teacher: (generic)Hello! Can you walk me through your problem?|EOM|Student: Sure! I started by figuring out that each cylindrical structure contains 12 bedrooms, 7 bathrooms, and several kitchens. I then determined that the total number of rooms on the entire space station was 72. To figure out how many kitchens there were, I set up the equation 3(19+x) = 57+3x, where x is the number of kitchens. I then solved for x by subtracting 57 from both sides and dividing both sides by 3 to get x = 5. Therefore, there are 5 kitchens on the entire space station.|EOM|Teacher: (focus)I see where your error is. Let's start at the beginning. If there are 72 rooms over the 3 cylinders, how many rooms does each cylinder have?|EOM|Student: Each cylinder has 24 rooms, since 72 divided by 3 is 24. 12 bedrooms, 7 bathrooms, and 5 kitchens make up the 24 rooms.|EOM|Teacher: (focus)So if we know that there are 5 kitchens in each of the 3 cylinders, how many kitchens are there total?|EOM|Student: There are 15 kitchens total, since 5 kitchens multiplied by 3 cylinders is 15.|EOM|Teacher: (telling)Great job!","[""(generic)Hello! Can you walk me through your problem?"", ""(focus)I see where your error is. Let's start at the beginning. If there are 72 rooms over the 3 cylinders, how many rooms does each cylinder have?"", ""(focus)So if we know that there are 5 kitchens in each of the 3 cylinders, how many kitchens are there total?"", ""(telling)Great job!""]","[""Sure! I started by figuring out that each cylindrical structure contains 12 bedrooms, 7 bathrooms, and several kitchens. I then determined that the total number of rooms on the entire space station was 72. To figure out how many kitchens there were, I set up the equation 3(19+x) = 57+3x, where x is the number of kitchens. I then solved for x by subtracting 57 from both sides and dividing both sides by 3 to get x = 5. Therefore, there are 5 kitchens on the entire space station."", ""Each cylinder has 24 rooms, since 72 divided by 3 is 24. 12 bedrooms, 7 bathrooms, and 5 kitchens make up the 24 rooms."", ""There are 15 kitchens total, since 5 kitchens multiplied by 3 cylinders is 15.""]",4,3,Yes,5.0,5.0,fractions,miscellaneous,easy,True,"{'Focus': 0.5, 'Probing': 0.25, 'Telling': 0.0, 'Generic': 0.25}",SC_1919
5000292,3,Drew is reseeding his lawn with grass seed. One bag of grass seed covers 250 square feet of lawn. His lawn is 22 feet from the house to the curb and 36 feet from side to side. He bought four bags of seed. How many extra square feet could the leftover grass seed cover after Drew reseeds his lawn?,"Drew’s lawn is 22 * 36 = 792 square feet.
He bought enough grass seed to cover 250 * 4 = 1000 square feet.
Thus, the leftover grass seed can cover 1000 - 792 = 208 square feet.
 208","The area of Drew's lawn is 22 x 36 = 792 square feet.
Four bags of grass seed can cover 4 x 250 = 1000 square feet.
Drew will use all the grass seed to cover his lawn, so there won't be any leftover to cover extra square feet.
Therefore, the leftover grass seed can't cover any extra square feet.
 0",Lakisha is a 7th grade student. She has difficulty determining which pieces of information are relevant and which are irrelevant to solving the problem.,The student simply only seen that there was enough to cover the land so  there was no more left over because it covered the amount needed. Correct calculations just no subtracting at the end.,"Teacher: (generic)Could you talk me through your method and answer and method please Lakisha?|EOM|Student: Sure, my method was to calculate the area of Drew's lawn which is 22 x 36 = 792 square feet. Then I calculated how much grass seed was needed to cover his lawn which was 4 x 250 = 1000 square feet. Since the amount of grass seed was enough to cover the lawn, there wouldn't be any leftover to cover extra square feet, so the answer is 0.|EOM|Teacher: (probing)so your calculations are correct well done. is the amount of lawn seed equal to the exact size of the lawn or are you sure there is not any left over at all?|EOM|Student: Yes, my calculations are correct. The amount of grass seed is equal to the exact size of the lawn, so there won't be any leftover to cover extra square feet.|EOM|Teacher: (generic)so if the lawn size is 792 square feet and there is enough seed to cover 1000 square feet, these two numbers are not the same so is there too much or not enough?|EOM|Student: There is enough grass seed to cover the exact size of the lawn, so there won't be any leftover to cover extra square feet. The amount of grass seed is equal to the exact size of the lawn, so there is not too much or not enough.|EOM|Teacher: (telling)so the lawn size is 792 and drew has enough to cover 1000. These are two different numbers, so he has either too much or too little. not equal|EOM|Student: Drew has enough grass seed to cover the exact size of his lawn, which is 792 square feet. Therefore, he does not have too much or too little, and the amount of grass seed is equal to the exact size of the lawn.|EOM|Teacher: (telling)so the lawn size is 792 and Drew has enough to cover 1000square feet. so we would simply take away the 792 needed from the 1000 that Drew has. Does this make sense? |EOM|Student: Yes, that makes sense. If Drew has enough grass seed to cover 1000 square feet and his lawn is only 792 square feet, then the leftover grass seed can cover 208 extra square feet.|EOM|Teacher: (generic)dooes this make sense that there would be some left over because the amount needed is less than the amount that he has|EOM|Student: Yes, that makes sense. Since Drew has enough grass seed to cover 1000 square feet and his lawn is only 792 square feet, the leftover grass seed can cover 208 extra square feet.","[""(generic)Could you talk me through your method and answer and method please Lakisha?"", ""(probing)so your calculations are correct well done. is the amount of lawn seed equal to the exact size of the lawn or are you sure there is not any left over at all?"", ""(generic)so if the lawn size is 792 square feet and there is enough seed to cover 1000 square feet, these two numbers are not the same so is there too much or not enough?"", ""(telling)so the lawn size is 792 and drew has enough to cover 1000. These are two different numbers, so he has either too much or too little. not equal"", ""(telling)so the lawn size is 792 and Drew has enough to cover 1000square feet. so we would simply take away the 792 needed from the 1000 that Drew has. Does this make sense?"", ""(generic)dooes this make sense that there would be some left over because the amount needed is less than the amount that he has""]","[""Sure, my method was to calculate the area of Drew's lawn which is 22 x 36 = 792 square feet. Then I calculated how much grass seed was needed to cover his lawn which was 4 x 250 = 1000 square feet. Since the amount of grass seed was enough to cover the lawn, there wouldn't be any leftover to cover extra square feet, so the answer is 0."", ""Yes, my calculations are correct. The amount of grass seed is equal to the exact size of the lawn, so there won't be any leftover to cover extra square feet."", ""There is enough grass seed to cover the exact size of the lawn, so there won't be any leftover to cover extra square feet. The amount of grass seed is equal to the exact size of the lawn, so there is not too much or not enough."", ""Drew has enough grass seed to cover the exact size of his lawn, which is 792 square feet. Therefore, he does not have too much or too little, and the amount of grass seed is equal to the exact size of the lawn."", ""Yes, that makes sense. If Drew has enough grass seed to cover 1000 square feet and his lawn is only 792 square feet, then the leftover grass seed can cover 208 extra square feet."", ""Yes, that makes sense. Since Drew has enough grass seed to cover 1000 square feet and his lawn is only 792 square feet, the leftover grass seed can cover 208 extra square feet.""]",6,6,Yes,4.0,3.0,geometry,arithmetic_error,easy,True,"{'Focus': 0.0, 'Probing': 0.0, 'Telling': 0.0, 'Generic': 1.0}",SC_0404
5001120,5,"Mr. Fortchaud turns on his heater on the 1st of November, 2005. The fuel tank was then full and contained 3,000 L. On January 1, 2006, the tank counter indicated that 180 L remained. Mr. Fortchaud again filled his tank completely. On 1 May 2006, Mr. Fortchaud decided to stop heating and he read 1,238 L on the meter. What the volume of fuel oil that was used between 1 November 2005 and 1 May 2006?","I calculate consumption between November 1, 2005 and January 1, 2006: 3,000 – 180 = 2820 L
I calculate consumption between January 1, 2006 and May 1, 2006: 3,000 – 1238 = 1762 L
I calculate the total consumption between November 1st and May 1st: 2,820 + 1,762 = 4582 L
 4,582","From November 1 to January 1 (2 months), Mr. Fortchaud used 3000 - 180 = 2820 L of fuel.
From January 1 to May 1 (4 months), he used another 3000 L of fuel.
From May 1 to when he stopped heating, he used 3000 - 1238 = 1762 L of fuel.
Thus, the total fuel used between November 1, 2005 and May 1, 2006 was 2820 + 3000 + 1762 = 7582 L.
 7582",Ayisha is a 7th grade student. She struggle most with understanding what the problem is asking them to do.,"The student  forgot to subtract the amount of fuel used from 3000, instead of just saying 3000 was used.","Teacher: (generic)Hi Ayisha, can you tell me how you got your answer?|EOM|Student: Yes, I used the following calculations. From November 1 to January 1 (2 months), Mr. Fortchaud used 3000 - 180 = 2820 L of fuel. From January 1 to May 1 (4 months), he used another 3000 L of fuel. From May 1 to when he stopped heating, he used 3000 - 1238 = 1762 L of fuel. Thus, the total fuel used between November 1, 2005 and May 1, 2006 was 2820 + 3000 + 1762 = 7582 L.|EOM|Teacher: (focus)Wait, from November 1 to January 1, he used 2820 L of fuel. Then he used 1238 L out of 3000, which gives you what|EOM|Student: Oh, I see. From November 1 to January 1, he used 2820 L of fuel. Then he used 1238 L out of 3000, which gives us 1762 L of fuel used from January 1 to May 1. So the total fuel used between November 1, 2005 and May 1, 2006 is 2820 + 1762 = 4582 L.|EOM|Teacher: (telling)that is correct!","[""(generic)Hi Ayisha, can you tell me how you got your answer?"", ""(focus)Wait, from November 1 to January 1, he used 2820 L of fuel. Then he used 1238 L out of 3000, which gives you what"", ""(telling)that is correct!""]","[""Yes, I used the following calculations. From November 1 to January 1 (2 months), Mr. Fortchaud used 3000 - 180 = 2820 L of fuel. From January 1 to May 1 (4 months), he used another 3000 L of fuel. From May 1 to when he stopped heating, he used 3000 - 1238 = 1762 L of fuel. Thus, the total fuel used between November 1, 2005 and May 1, 2006 was 2820 + 3000 + 1762 = 7582 L."", ""Oh, I see. From November 1 to January 1, he used 2820 L of fuel. Then he used 1238 L out of 3000, which gives us 1762 L of fuel used from January 1 to May 1. So the total fuel used between November 1, 2005 and May 1, 2006 is 2820 + 1762 = 4582 L.""]",3,2,Yes,4.0,3.0,geometry,procedural_slip,easy,True,"{'Focus': 0.0, 'Probing': 0.0, 'Telling': 0.0, 'Generic': 1.0}",SC_0570
5000541,3,"Grayson has 100 questions on a test. He answers some of the questions for 2 hours, taking two minutes for each answer, then realizes he doesn't know the rest of the questions. How many questions does Grayson leave unanswered when he submits his test?","Each hour contains 60 minutes, so after 2 hours he took 2*60 = 120 minutes.
If each question takes two minutes, then he answered 120/2 = 60 questions.
Unanswered questions is 100-60 = 40 questions
 40","Grayson has 2 x 60 = 120 minutes to answer the test questions.
He spent 2 x 60/2 = 60 minutes answering some of the questions.
He spent 120 - 60 = 60 minutes not answering the remaining questions.
He could have answered 60/2 = 30 questions in the remaining time.
Therefore, Grayson leaves 100 - 30 = 70 questions unanswered. 
 70",Jordy is a 7th grade student. He struggle to recognize the problem type and therefore do not know what strategy to use to solve it.,"The student got confused with the steps in the question and carried out too many division steps. Once the question was broken down in to steps, they were able to find the solution.  ","Teacher: (generic)Hello Jordy, please can you talk me through your solution?|EOM|Student: Sure. I started by calculating how much time Grayson had to answer the questions. He had 120 minutes, so I divided that by 2 minutes per question to get 60. Then, I subtracted the 60 minutes he spent answering questions to get the remaining time of 60 minutes. I then divided that by 2 minutes per question again to get the number of questions he could have answered in that time, which was 30. Finally, I subtracted 30 from the total number of questions, which was 100, to get the number of questions he left unanswered, which was 70.|EOM|Teacher: (focus)How long does it take Grayson to answer 1 question?|EOM|Student: Grayson takes 2 minutes to answer one question.|EOM|Teacher: (focus)So in 2 minutes he could answer how many questions?|EOM|Student: In 2 minutes, Grayson could answer 1 question.|EOM|Teacher: (focus)Sorry, in 2 hours Grayson could answer how many questions?|EOM|Student: In 2 hours, Grayson could answer 120/2 = 60 questions.|EOM|Teacher: (focus)That's correct. How many questions were on the test altogether?|EOM|Student: The test had a total of 100 questions.|EOM|Teacher: (focus)So how many did Grayson not answer?|EOM|Student: Grayson left 100 - 60 = 40 questions unanswered.|EOM|Teacher: (generic)That's correct.","[""(generic)Hello Jordy, please can you talk me through your solution?"", ""(focus)How long does it take Grayson to answer 1 question?"", ""(focus)So in 2 minutes he could answer how many questions?"", ""(focus)Sorry, in 2 hours Grayson could answer how many questions?"", ""(focus)That's correct. How many questions were on the test altogether?"", ""(focus)So how many did Grayson not answer?"", ""(generic)That's correct.""]","[""Sure. I started by calculating how much time Grayson had to answer the questions. He had 120 minutes, so I divided that by 2 minutes per question to get 60. Then, I subtracted the 60 minutes he spent answering questions to get the remaining time of 60 minutes. I then divided that by 2 minutes per question again to get the number of questions he could have answered in that time, which was 30. Finally, I subtracted 30 from the total number of questions, which was 100, to get the number of questions he left unanswered, which was 70."", ""Grayson takes 2 minutes to answer one question."", ""In 2 minutes, Grayson could answer 1 question."", ""In 2 hours, Grayson could answer 120/2 = 60 questions."", ""The test had a total of 100 questions."", ""Grayson left 100 - 60 = 40 questions unanswered.""]",7,6,Yes,1.0,2.0,multi_step,miscellaneous,easy,True,"{'Focus': 0.571, 'Probing': 0.0, 'Telling': 0.0, 'Generic': 0.429}",SC_0736
5000179,1,"Jeff makes 10 donuts each day for 12 days. Jeff eats one of the donuts each day. Chris then comes over and eats 8 donuts. If 10 donuts fit in each box, how many boxes can Jeff fill with his donuts?","Jeff makes a total of 10 * 12 = 120 donuts.
Jeff eats 1 * 12 = 12 donuts.
After Chris is done eating, there are 120 - 12 - 8 = 100 donuts remaining.
Jeff needs 100 / 10 = 10 boxes to store all of his donuts.
 10","Jeff makes 10-1 = 9 donuts each day.
Over 12 days, Jeff makes a total of 9 x 12 = 108 donuts.
After Jeff eats one each day, he has 108-12 = 96 donuts left.
After Chris eats 8 donuts, Jeff has 96-8 = 88 donuts left.
Jeff can fill 88/10 = 8.8 boxes with his donuts.
Since he can't have a fraction of a box, Jeff can fill 8 boxes with his donuts.
 8",Stephanie is a 7th grade student. She struggle to put the numbers in the correct order in the equation or determine the correct operation to use.,student was subtracting the donuts eaten by Jeff twice,"Teacher: (generic)Hey Stephanie, what was the purpose of subtracting one donut in your first step? Can you rethink that and look at your steps again? |EOM|Student: Oh, I see. I was subtracting one donut each day for the 12 days, but I should have subtracted 12 donuts from the total of 108 donuts at the beginning. So Jeff has 108-12 = 96 donuts left. Thanks for helping me understand this!|EOM|Teacher: (probing)If I made 5 donuts a day for 20 days, but ate one each day and if I go ahead and subtract one symbolizing the donuts I ate, for example: (5-1)x20= 80. There is no need to subtract donuts again representing the ones I ate, because I have already done so. |EOM|Student: I understand now. I was subtracting one donut each day, but I should have subtracted all the donuts I ate at the beginning. That way I wouldn't have to subtract them again. Thanks for helping me understand this!|EOM|Teacher: (generic)So, rework it again. |EOM|Student: Jeff makes 10 donuts each day for 12 days. Jeff eats one of the donuts each day. Chris then comes over and eats 8 donuts. If 10 donuts fit in each box, how many boxes can Jeff fill with his donuts?

Jeff makes 10 donuts each day for 12 days, so he makes a total of 10 x 12 = 120 donuts. After Jeff eats one each day, he has 120-12 = 108 donuts left. After Chris eats 8 donuts, Jeff has 108-8 = 100 donuts left. Jeff can fill 100/10 = 10 boxes with his donuts. So, Jeff can fill 10 boxes with his donuts.|EOM|Teacher: (generic)Excellent!","[""(generic)Hey Stephanie, what was the purpose of subtracting one donut in your first step? Can you rethink that and look at your steps again?"", ""(probing)If I made 5 donuts a day for 20 days, but ate one each day and if I go ahead and subtract one symbolizing the donuts I ate, for example: (5-1)x20= 80. There is no need to subtract donuts again representing the ones I ate, because I have already done so."", ""(generic)So, rework it again."", ""(generic)Excellent!""]","[""Oh, I see. I was subtracting one donut each day for the 12 days, but I should have subtracted 12 donuts from the total of 108 donuts at the beginning. So Jeff has 108-12 = 96 donuts left. Thanks for helping me understand this!"", ""I understand now. I was subtracting one donut each day, but I should have subtracted all the donuts I ate at the beginning. That way I wouldn't have to subtract them again. Thanks for helping me understand this!"", ""Jeff makes 10 donuts each day for 12 days. Jeff eats one of the donuts each day. Chris then comes over and eats 8 donuts. If 10 donuts fit in each box, how many boxes can Jeff fill with his donuts?\n\nJeff makes 10 donuts each day for 12 days, so he makes a total of 10 x 12 = 120 donuts. After Jeff eats one each day, he has 120-12 = 108 donuts left. After Chris eats 8 donuts, Jeff has 108-8 = 100 donuts left. Jeff can fill 100/10 = 10 boxes with his donuts. So, Jeff can fill 10 boxes with his donuts.""]",4,3,Yes,4.0,5.0,multi_step,procedural_slip,medium,True,"{'Focus': 0.0, 'Probing': 0.0, 'Telling': 0.0, 'Generic': 1.0}",SC_1817
5000098,3,"Angie is part of a household with shared expenses and contributes $42 a month for necessities. She has a salary of $80 per month. She also pays a share of the household taxes each month. At the end of this month, she had $18 left over. How much did she pay in taxes this month?","Angie earned 80 and paid 42 for necessities, so she had 80 - 42 = $38 left.
Angie had 18 left after paying taxes, so her share of the taxes was 38- 18 = $20 this month.
 20","Angie's total expenses for the month (including taxes) is 42 + taxes. 
Her total earnings for the month is $80. 
So, her total expenses and earnings for the month can be expressed as: 

Total expenses = Total earnings + $18 (left over) 
(42 + taxes) = 80 + 18 
42 + taxes = 98 

Subtracting 42 from both sides: 

taxes = 98 - 42 = 56 

Therefore, Angie paid $56 in taxes this month. 
 56",Mariana is a 7th grade student. She struggle most with understanding what the problem is asking them to do.,She tried to use algebra but had the numbers in the wrong places,"Teacher: (generic)It's good that ypou tried to do this using algebra butteh answer is not quite right|EOM|Mariana: Oh, I see. I forgot to subtract the $18 that Angie had leftover from her salary. So, the correct answer should be: 

Total expenses = Total earnings + $18 (left over) 
(42 + taxes) = 80 + 18 
42 + taxes = 98 

Subtracting 42 and 18 from both sides: 

taxes = 98 - 42 - 18 = 38 

Therefore, Angie paid $38 in taxes this month.|EOM|Teacher: (probing)Lets go through it step by step Household expenses are $42, and she earns $80, how much does she have left after paying household expenses?|EOM|Mariana: After paying household expenses, Angie has $80 - $42 = $38 left.|EOM|Teacher: (probing)How much did Angie have left at the end of the month?|EOM|Mariana: At the end of the month, Angie had $18 left. So, her total expenses for the month (including taxes) was $42 + taxes and her total earnings for the month was $80. Therefore, her total expenses and earnings for the month can be expressed as: Total expenses = Total earnings + $18 (left over) (42 + taxes) = 80 + 18 42 + taxes = 98 Subtracting 42 from both sides: taxes = 98 - 42 = 56 Therefore, Angie paid $56 in taxes this month.|EOM|Teacher: (probing)Don't go too far ahead! Lets take this step by step. So after household expenses Angie is left with $38, and at the end of the month she has $18. What is the difference between $38 and $18?|EOM|Mariana: The difference between $38 and $18 is $20. This means that Angie paid $20 in taxes this month.|EOM|Teacher: (generic)That's right! Well done! I liked your idea of trying to do it with algebra though, that would be something like:|EOM|Mariana: Total expenses = Total earnings + $18 (left over) (42 + taxes) = 80 + 18 42 + taxes = 98 Subtracting 42 and 18 from both sides: taxes = 98 - 42 - 18 = 38 Therefore, Angie paid $38 in taxes this month.|EOM|Teacher: (probing)No $20 was right! Your formula shoudld have been: salary = HouseholdBills + MoneyLeftOver + taxes; this is $80 = $42 + $18 + Taxes; this is $80 = 60 + Taxes. So what are Taxes?|EOM|Mariana: Taxes = $80 - $60 = $20. Therefore, Angie paid $20 in taxes this month.|EOM|Teacher: (generic)That's right! So using algebra was a good approach but the numbers needed to be in the right places.","[""(generic)It's good that ypou tried to do this using algebra butteh answer is not quite right"", ""(probing)Lets go through it step by step Household expenses are $42, and she earns $80, how much does she have left after paying household expenses?"", ""(probing)How much did Angie have left at the end of the month?"", ""(probing)Don't go too far ahead! Lets take this step by step. So after household expenses Angie is left with $38, and at the end of the month she has $18. What is the difference between $38 and $18?"", ""(generic)That's right! Well done! I liked your idea of trying to do it with algebra though, that would be something like:"", ""(probing)No $20 was right! Your formula shoudld have been: salary = HouseholdBills + MoneyLeftOver + taxes; this is $80 = $42 + $18 + Taxes; this is $80 = 60 + Taxes. So what are Taxes?"", ""(generic)That's right! So using algebra was a good approach but the numbers needed to be in the right places.""]",[],7,0,Yes,3.0,4.0,percentages,miscellaneous,easy,True,"{'Focus': 0.429, 'Probing': 0.0, 'Telling': 0.0, 'Generic': 0.571}",SC_0132
5000203,2,Nick's cell phone was initially empty but was then charged for 45 minutes and has reached a 25% charge. How much longer must the cell phone be charged to reach 100% charge?,"The ratio between the time charged and the time to be charged is 100 / 25 = 4.
To reach 100%, the cell must be charged for 45 minutes * 4 = 180 minutes.
Subtracting the 45 minutes that Jimmy already used to charge the cell phone, there are still 180 - 45 =135 minutes of charging time left.
 135","Every 15 minutes of charging adds 25% to the charge of the cell phone.
Therefore, 45 minutes of charging would add 3 x 25% = 75% to the charge of the cell phone.
To reach 100% charge, the cell phone needs to be charged for an additional 25%.
Every 15 minutes of charging adds 25%, so 15 minutes of charging will add 25%.
Therefore, the cell phone needs to be charged for an additional 15 minutes to reach 100% charge.
 15",Riya is a 7th grade student. She struggle most with understanding what the problem is asking them to do.,student assumed that 45 minutes is taken to charge to 75%  instead of 25%,"Teacher: (generic)Hi , could you please walk me through your solution?|EOM|Student: Sure. Initially, the cell phone was empty and was charged for 45 minutes, so it reached a 25% charge. To reach 100% charge, the cell phone needs to be charged for an additional 75%. Every 15 minutes of charging adds 25%, so 15 minutes of charging will add 25%. Therefore, the cell phone needs to be charged for an additional 15 minutes to reach 100% charge.|EOM|Teacher: (generic)can you explain how you reached the conclusion that every 15 minutes of charging adds 25% charge/|EOM|Student: Yes, I divided the 75% charge that was needed to reach 100% by the 45 minutes of charging that was done. This gave me a result of 25%, which means that every 15 minutes of charging adds 25% charge.|EOM|Teacher: (probing)lets consider this example. you took 15 minutes to complete 20% of a task. how much more time would you need to complete the task?|EOM|Student: To complete the task, I would need 5 more minutes, since 20% of the task was completed in 15 minutes, so 100% of the task would take 15 x 5 = 75 minutes.|EOM|Teacher: (probing)so you mean that you would need 75 minutes to complete 100% of the task?|EOM|Student: Yes, that is correct. I would need 75 minutes to complete 100% of the task.|EOM|Teacher: (probing)and since you have completed 20% in the first 15 minutes therefore it would take you 75-15=60 minutes more to complete the task?|EOM|Student: Yes, that is correct. It would take me 60 minutes more to complete the task.|EOM|Teacher: (focus)can you use the same method to figure out how much more time will be required for the cell phone to be charged to 100 %?|EOM|Student: Yes, I can use the same method. Since the cell phone was initially empty and was charged for 45 minutes, it reached a 25% charge. To reach 100% charge, the cell phone needs to be charged for an additional 75%. Every 15 minutes of charging adds 25%, so 15 minutes of charging will add 25%. Therefore, the cell phone needs to be charged for an additional 15 minutes to reach 100% charge.|EOM|Teacher: (focus)recall the example that we solved. if it takes 45 minutes to reach 25% of charge, how much time would it take to reach 100 % charge?|EOM|Student: Since it took 45 minutes to reach 25% of charge, it would take 180 minutes (45 x 4) to reach 100% charge.|EOM|Teacher: (focus)very well. now How much longer must the cell phone be charged to reach 100% charge?|EOM|Student: The cell phone needs to be charged for an additional 15 minutes to reach 100% charge.|EOM|Teacher: (telling)no. it would take 180-25=135 minutes more to reach 100 % charge.|EOM|Student: Oh, I see. Yes, it would take 135 minutes more to reach 100% charge.","[""(generic)Hi , could you please walk me through your solution?"", ""(generic)can you explain how you reached the conclusion that every 15 minutes of charging adds 25% charge/"", ""(probing)lets consider this example. you took 15 minutes to complete 20% of a task. how much more time would you need to complete the task?"", ""(probing)so you mean that you would need 75 minutes to complete 100% of the task?"", ""(probing)and since you have completed 20% in the first 15 minutes therefore it would take you 75-15=60 minutes more to complete the task?"", ""(focus)can you use the same method to figure out how much more time will be required for the cell phone to be charged to 100 %?"", ""(focus)recall the example that we solved. if it takes 45 minutes to reach 25% of charge, how much time would it take to reach 100 % charge?"", ""(focus)very well. now How much longer must the cell phone be charged to reach 100% charge?"", ""(telling)no. it would take 180-25=135 minutes more to reach 100 % charge.""]","[""Sure. Initially, the cell phone was empty and was charged for 45 minutes, so it reached a 25% charge. To reach 100% charge, the cell phone needs to be charged for an additional 75%. Every 15 minutes of charging adds 25%, so 15 minutes of charging will add 25%. Therefore, the cell phone needs to be charged for an additional 15 minutes to reach 100% charge."", ""Yes, I divided the 75% charge that was needed to reach 100% by the 45 minutes of charging that was done. This gave me a result of 25%, which means that every 15 minutes of charging adds 25% charge."", ""To complete the task, I would need 5 more minutes, since 20% of the task was completed in 15 minutes, so 100% of the task would take 15 x 5 = 75 minutes."", ""Yes, that is correct. I would need 75 minutes to complete 100% of the task."", ""Yes, that is correct. It would take me 60 minutes more to complete the task."", ""Yes, I can use the same method. Since the cell phone was initially empty and was charged for 45 minutes, it reached a 25% charge. To reach 100% charge, the cell phone needs to be charged for an additional 75%. Every 15 minutes of charging adds 25%, so 15 minutes of charging will add 25%. Therefore, the cell phone needs to be charged for an additional 15 minutes to reach 100% charge."", ""Since it took 45 minutes to reach 25% of charge, it would take 180 minutes (45 x 4) to reach 100% charge."", ""The cell phone needs to be charged for an additional 15 minutes to reach 100% charge."", ""Oh, I see. Yes, it would take 135 minutes more to reach 100% charge.""]",9,9,"Yes, but I had to reveal the answer",4.0,1.0,percentages,miscellaneous,easy,False,"{'Focus': 0.333, 'Probing': 0.222, 'Telling': 0.111, 'Generic': 0.333}",SC_0393
