packet_id,coder_id,TA1,TA2,TA3,TA4,SS1,SS2,SS3,SS4,SS5,use_case_decision,flag_premature_expertise,flag_role_drift,flag_over_technical,flag_misconception_loss,flag_logical_inconsistency,flag_unsupported_reasoning,notes,scenario_id,true_condition
F56975F6,CODER_A,5,4,3,4,3,2,2,2,3,feedback_policy_testing,0,0,0,0,0,0,,SC_1030,C1
F56975F6,CODER_B,4,4,5,5,2,3,2,3,3,learning_by_teaching,0,0,0,0,0,1,,SC_1030,C1
3A421D87,CODER_A,4,4,3,4,2,2,3,3,3,learning_by_teaching,0,0,0,0,0,0,,SC_0946,C1
3A421D87,CODER_B,3,4,4,4,3,2,1,3,3,learning_by_teaching,0,0,0,0,0,0,,SC_0946,C1
D29A759C,CODER_A,5,3,3,4,3,2,3,2,2,learning_by_teaching,0,0,0,0,0,0,,SC_1116,C1
D29A759C,CODER_B,4,3,4,4,3,1,3,3,2,learning_by_teaching,0,0,0,0,0,0,,SC_1116,C1
2434C5BA,CODER_A,4,4,3,4,4,2,2,2,3,reject,0,0,0,0,0,0,,SC_0900,C1
2434C5BA,CODER_B,5,4,3,4,3,3,3,2,4,learning_by_teaching,1,0,0,0,0,0,,SC_0900,C1
320EECA9,CODER_A,5,4,4,4,2,2,2,3,3,learning_by_teaching,0,0,0,0,0,0,,SC_0407,C1
320EECA9,CODER_B,4,5,4,5,3,1,1,2,3,learning_by_teaching,0,0,0,0,0,0,,SC_0407,C1
B1BD0CC0,CODER_A,4,4,4,4,3,2,2,2,3,learning_by_teaching,0,0,0,0,0,0,,SC_0487,C1
B1BD0CC0,CODER_B,4,4,4,4,2,3,2,3,3,feedback_policy_testing,0,0,0,0,0,0,,SC_0487,C1
45C9D561,CODER_A,4,4,3,4,3,3,3,3,3,learning_by_teaching,0,0,0,0,0,0,,SC_1470,C1
45C9D561,CODER_B,3,5,3,4,3,3,3,2,2,reject,0,0,0,0,0,0,,SC_1470,C1
0916C27B,CODER_A,5,5,4,4,3,2,2,3,2,learning_by_teaching,0,1,0,0,0,1,,SC_0192,C1
0916C27B,CODER_B,4,5,3,4,4,3,3,2,3,learning_by_teaching,0,0,0,0,0,0,,SC_0192,C1
89E80DC2,CODER_A,5,4,3,4,2,2,3,3,2,learning_by_teaching,0,0,0,0,0,0,,SC_0996,C1
89E80DC2,CODER_B,4,4,5,4,1,2,3,2,3,learning_by_teaching,0,1,0,0,0,0,,SC_0996,C1
DF14544B,CODER_A,4,4,4,4,3,2,2,2,3,learning_by_teaching,0,1,0,0,0,0,,SC_0746,C1
DF14544B,CODER_B,3,4,3,5,3,1,3,3,3,diagnostic_simulation,0,0,0,0,0,0,,SC_0746,C1
7E303054,CODER_A,4,4,4,4,3,2,3,2,3,learning_by_teaching,0,0,0,0,0,0,,SC_0409,C1
7E303054,CODER_B,3,4,4,3,2,1,3,2,2,learning_by_teaching,0,0,0,0,0,0,,SC_0409,C1
B8BDB9C0,CODER_A,4,3,4,4,3,2,2,1,3,learning_by_teaching,0,0,0,0,0,0,,SC_0243,C1
B8BDB9C0,CODER_B,4,4,4,4,3,2,2,2,3,learning_by_teaching,0,0,0,0,0,0,,SC_0243,C1
E16D1881,CODER_A,4,5,4,4,2,2,3,2,4,learning_by_teaching,0,0,0,0,0,0,,SC_1036,C1
E16D1881,CODER_B,4,5,3,4,3,2,3,3,3,feedback_policy_testing,0,0,0,0,0,0,,SC_1036,C1
3DE91ED6,CODER_A,4,5,4,4,3,2,2,2,3,feedback_policy_testing,0,0,0,0,0,0,,SC_1527,C1
3DE91ED6,CODER_B,5,3,5,4,2,2,3,1,3,learning_by_teaching,0,0,0,0,0,0,,SC_1527,C1
FF80B87D,CODER_A,4,4,3,4,3,2,3,2,2,learning_by_teaching,0,0,0,0,0,0,,SC_1030,C1
FF80B87D,CODER_B,4,3,4,4,3,2,2,2,2,learning_by_teaching,0,0,0,0,0,0,,SC_1030,C1
64089044,CODER_A,4,4,4,4,2,2,3,2,3,diagnostic_simulation,0,0,0,0,0,0,,SC_1358,C1
64089044,CODER_B,4,3,4,3,3,3,3,3,3,learning_by_teaching,0,0,0,0,0,0,,SC_1358,C1
82D812B0,CODER_A,4,4,4,4,3,2,2,2,3,learning_by_teaching,0,0,0,0,0,0,,SC_1281,C1
82D812B0,CODER_B,5,4,5,4,3,1,3,2,3,learning_by_teaching,0,0,0,0,0,0,,SC_1281,C1
02F1F0F5,CODER_A,4,4,3,4,3,2,3,1,2,learning_by_teaching,0,1,0,0,0,0,,SC_0072,C1
02F1F0F5,CODER_B,4,5,4,4,2,4,2,3,3,learning_by_teaching,0,0,0,0,0,0,,SC_0072,C1
902D2B9F,CODER_A,5,4,4,4,3,2,2,2,2,learning_by_teaching,0,0,0,0,0,0,,SC_1486,C1
902D2B9F,CODER_B,4,4,4,4,3,3,2,3,3,learning_by_teaching,0,0,0,0,0,0,,SC_1486,C1
9B4923FE,CODER_A,4,4,4,4,3,2,3,2,2,feedback_policy_testing,0,0,0,0,0,0,,SC_0132,C1
9B4923FE,CODER_B,4,4,5,3,3,2,2,3,4,diagnostic_simulation,0,0,0,0,0,0,,SC_0132,C1
EB452F27,CODER_A,4,5,4,4,2,2,3,3,3,learning_by_teaching,0,0,0,0,0,0,,SC_0292,C1
EB452F27,CODER_B,4,3,4,5,4,2,2,2,2,learning_by_teaching,0,0,0,0,0,0,,SC_0292,C1
8835FE0C,CODER_A,4,4,3,4,3,2,2,2,3,learning_by_teaching,0,0,0,0,0,0,,SC_1925,C1
8835FE0C,CODER_B,4,4,4,3,3,3,3,3,1,learning_by_teaching,0,0,0,1,0,0,,SC_1925,C1
319D1337,CODER_A,4,4,5,4,3,2,2,2,2,learning_by_teaching,0,0,0,0,0,0,,SC_1340,C1
319D1337,CODER_B,4,4,4,4,3,2,3,2,3,learning_by_teaching,0,0,0,0,0,0,,SC_1340,C1
30B00438,CODER_A,4,4,4,3,2,2,3,2,2,learning_by_teaching,0,0,0,0,0,0,,SC_0014,C1
30B00438,CODER_B,4,3,5,4,3,2,2,2,3,learning_by_teaching,0,1,0,0,0,0,,SC_0014,C1
4C46EF25,CODER_A,4,4,3,5,3,2,3,2,4,learning_by_teaching,0,0,0,0,0,0,,SC_1363,C1
4C46EF25,CODER_B,5,4,4,3,2,2,4,2,2,learning_by_teaching,0,0,0,0,0,0,,SC_1363,C1
8AC8571B,CODER_A,4,4,3,4,2,2,3,3,3,learning_by_teaching,0,0,0,1,0,0,,SC_0192,C1
8AC8571B,CODER_B,5,5,4,3,3,3,1,3,3,reject,0,1,0,0,0,0,,SC_0192,C1
A331DCB2,CODER_A,4,4,3,4,2,2,3,3,3,learning_by_teaching,0,0,0,0,0,0,,SC_1119,C1
A331DCB2,CODER_B,5,4,3,4,3,1,3,2,2,learning_by_teaching,0,0,0,0,0,0,,SC_1119,C1
8C0F6651,CODER_A,4,4,4,4,3,2,3,3,2,learning_by_teaching,0,0,0,0,0,0,,SC_1429,C1
8C0F6651,CODER_B,4,4,4,4,3,2,2,3,4,learning_by_teaching,0,0,0,0,0,0,,SC_1429,C1
E592A05B,CODER_A,4,4,4,4,3,2,1,2,2,learning_by_teaching,0,0,0,0,0,0,,SC_1523,C1
E592A05B,CODER_B,4,3,4,3,3,2,3,2,3,learning_by_teaching,0,0,0,0,0,0,,SC_1523,C1
5001A7F4,CODER_A,5,3,4,4,3,2,3,2,2,learning_by_teaching,0,0,0,0,0,0,,SC_2147,C1
5001A7F4,CODER_B,4,3,5,4,3,2,3,2,2,learning_by_teaching,0,0,0,0,0,0,,SC_2147,C1
312A6584,CODER_A,5,4,3,3,3,2,2,3,3,learning_by_teaching,0,0,0,0,0,0,,SC_0570,C1
312A6584,CODER_B,4,3,4,4,3,2,3,1,3,reject,0,0,0,0,0,0,,SC_0570,C1
D62E2979,CODER_A,5,4,4,4,3,1,2,3,3,learning_by_teaching,0,0,0,0,0,0,,SC_1515,C1
D62E2979,CODER_B,5,4,5,4,2,2,3,2,3,learning_by_teaching,0,0,0,0,0,0,,SC_1515,C1
E3D6F7CC,CODER_A,4,4,4,4,2,2,2,3,3,learning_by_teaching,0,0,0,0,0,0,,SC_0921,C1
E3D6F7CC,CODER_B,4,4,3,5,2,2,3,3,2,learning_by_teaching,0,0,0,0,0,0,,SC_0921,C1
D6D405A1,CODER_A,4,4,4,3,2,2,3,2,2,learning_by_teaching,0,0,0,0,0,0,,SC_1572,C1
D6D405A1,CODER_B,5,4,4,4,3,2,4,2,3,diagnostic_simulation,0,1,0,0,0,0,,SC_1572,C1
AB80BD07,CODER_A,4,4,4,4,3,3,3,3,3,learning_by_teaching,0,0,0,1,0,0,,SC_1250,C1
AB80BD07,CODER_B,4,4,3,4,2,2,3,2,2,feedback_policy_testing,0,0,0,0,0,0,,SC_1250,C1
556CCEB5,CODER_A,4,4,4,4,2,2,2,3,3,learning_by_teaching,0,0,0,0,0,0,,SC_1250,C1
556CCEB5,CODER_B,4,4,4,4,3,2,3,3,3,learning_by_teaching,0,0,0,0,0,0,,SC_1250,C1
C83A35F5,CODER_A,4,4,3,4,3,2,3,3,2,learning_by_teaching,0,0,0,0,0,0,,SC_2108,C1
C83A35F5,CODER_B,4,3,3,4,4,1,2,2,4,learning_by_teaching,0,0,0,0,0,0,,SC_2108,C1
11FCABD1,CODER_A,5,4,4,4,4,2,3,2,2,learning_by_teaching,0,0,0,0,0,0,,SC_1340,C1
11FCABD1,CODER_B,5,4,4,4,3,2,2,2,4,learning_by_teaching,0,0,0,1,0,0,,SC_1340,C1
EFD5AE2F,CODER_A,4,4,4,4,2,2,3,3,2,learning_by_teaching,0,0,0,0,0,0,,SC_0809,C1
EFD5AE2F,CODER_B,4,4,4,3,2,3,2,3,4,learning_by_teaching,0,0,0,0,0,0,,SC_0809,C1
C7D09723,CODER_A,4,4,4,4,2,2,2,3,2,learning_by_teaching,0,0,0,0,0,0,,SC_1181,C1
C7D09723,CODER_B,3,4,4,4,3,1,2,2,1,learning_by_teaching,0,0,0,0,0,0,,SC_1181,C1
B2816A09,CODER_A,4,4,4,4,3,3,3,3,2,feedback_policy_testing,0,0,0,0,0,0,,SC_0040,C1
B2816A09,CODER_B,5,5,3,4,3,2,3,2,3,reject,0,0,0,0,0,0,,SC_0040,C1
FF8D0F03,CODER_A,4,4,4,4,3,3,3,2,3,learning_by_teaching,0,0,0,0,0,0,,SC_1253,C1
FF8D0F03,CODER_B,5,4,4,5,3,2,3,3,3,diagnostic_simulation,0,1,0,0,1,0,,SC_1253,C1
5A766989,CODER_A,5,4,4,4,3,2,1,2,3,learning_by_teaching,0,0,0,0,0,0,,SC_1959,C1
5A766989,CODER_B,4,3,4,5,2,2,3,2,3,reject,0,1,0,1,0,0,,SC_1959,C1
D0377C42,CODER_A,4,4,4,3,3,2,2,3,3,diagnostic_simulation,0,1,0,0,0,0,,SC_0353,C1
D0377C42,CODER_B,4,4,4,4,3,2,2,2,2,learning_by_teaching,1,0,0,0,0,0,,SC_0353,C1
61AF009B,CODER_A,4,4,3,4,3,2,2,2,2,learning_by_teaching,0,0,0,0,0,0,,SC_1358,C1
61AF009B,CODER_B,3,5,4,5,3,3,3,2,2,learning_by_teaching,0,0,0,0,0,0,,SC_1358,C1
7977F25F,CODER_A,3,4,4,3,3,2,3,2,2,learning_by_teaching,0,1,0,0,0,1,,SC_0448,C1
7977F25F,CODER_B,5,4,3,5,4,2,3,2,2,diagnostic_simulation,0,0,0,0,0,0,,SC_0448,C1
7CE818FE,CODER_A,4,4,4,3,2,2,2,2,2,learning_by_teaching,0,0,0,0,0,0,,SC_1260,C1
7CE818FE,CODER_B,5,4,4,4,2,2,3,1,2,feedback_policy_testing,0,1,0,0,0,0,,SC_1260,C1
0AE5017E,CODER_A,4,4,3,4,3,2,3,3,2,learning_by_teaching,0,0,0,0,0,0,,SC_0800,C1
0AE5017E,CODER_B,5,4,4,5,3,2,2,2,1,diagnostic_simulation,0,0,0,0,0,0,,SC_0800,C1
44007361,CODER_A,5,4,4,5,3,2,2,3,2,learning_by_teaching,0,0,1,0,0,0,,SC_0040,C1
44007361,CODER_B,4,4,4,4,3,2,3,3,3,reject,0,0,0,0,0,0,,SC_0040,C1
25F84836,CODER_A,4,4,4,4,2,2,3,2,2,learning_by_teaching,0,0,0,0,0,0,,SC_0409,C1
25F84836,CODER_B,3,4,3,4,2,3,1,2,2,reject,1,0,0,0,0,0,,SC_0409,C1
BBC6715D,CODER_A,4,4,4,3,3,2,2,2,3,learning_by_teaching,0,0,0,1,0,0,,SC_1486,C1
BBC6715D,CODER_B,4,4,4,4,4,2,2,2,3,learning_by_teaching,1,0,0,0,0,0,,SC_1486,C1
9CFC25ED,CODER_A,4,4,4,4,2,2,3,3,3,learning_by_teaching,0,0,0,1,0,0,,SC_1820,C1
9CFC25ED,CODER_B,4,4,4,4,2,2,2,2,3,learning_by_teaching,0,0,0,0,0,0,,SC_1820,C1
01A229F8,CODER_A,4,4,3,3,3,2,3,3,2,learning_by_teaching,0,0,0,0,0,1,,SC_1691,C1
01A229F8,CODER_B,4,3,3,3,3,3,3,2,2,feedback_policy_testing,1,0,0,0,0,0,,SC_1691,C1
1CF3A303,CODER_A,4,4,4,4,3,2,3,2,3,learning_by_teaching,0,0,0,0,0,0,,SC_1082,C1
1CF3A303,CODER_B,4,5,4,4,2,2,3,2,2,feedback_policy_testing,0,0,0,0,0,0,,SC_1082,C1
DDF6D3CF,CODER_A,4,4,4,4,3,2,3,3,2,learning_by_teaching,0,0,0,0,0,0,,SC_0809,C1
DDF6D3CF,CODER_B,4,5,5,4,4,3,3,3,2,learning_by_teaching,0,0,0,0,0,0,,SC_0809,C1
D11C9B75,CODER_A,5,4,3,4,2,2,2,3,3,learning_by_teaching,0,0,0,0,0,0,,SC_1919,C1
D11C9B75,CODER_B,4,4,3,4,2,3,2,2,2,learning_by_teaching,1,0,0,0,0,0,,SC_1919,C1
7D9A5342,CODER_A,4,4,4,4,3,2,3,2,3,learning_by_teaching,0,0,0,0,0,0,,SC_2108,C1
7D9A5342,CODER_B,4,4,4,4,3,3,3,3,2,learning_by_teaching,0,0,0,0,0,0,,SC_2108,C1
ADD3066F,CODER_A,4,4,3,4,3,2,3,3,3,learning_by_teaching,0,0,0,0,0,0,,SC_0553,C1
ADD3066F,CODER_B,4,4,4,3,3,3,2,3,3,learning_by_teaching,0,0,0,0,0,0,,SC_0553,C1
F9F146A5,CODER_A,3,4,4,4,3,3,2,2,3,feedback_policy_testing,0,0,0,0,0,0,,SC_0393,C1
F9F146A5,CODER_B,5,4,4,3,4,3,3,3,2,learning_by_teaching,0,0,0,0,0,0,,SC_0393,C1
65E4443E,CODER_A,4,4,3,3,3,2,2,3,3,learning_by_teaching,0,0,0,0,0,0,,SC_1919,C1
65E4443E,CODER_B,5,4,3,3,3,2,2,2,4,learning_by_teaching,1,0,0,0,0,0,,SC_1919,C1
AA6ADDBC,CODER_A,3,3,3,4,4,4,4,4,4,diagnostic_simulation,1,0,0,0,0,0,,SC_0800,C2
AA6ADDBC,CODER_B,2,2,4,4,5,5,4,4,5,learning_by_teaching,0,0,1,0,0,0,,SC_0800,C2
CDA5C601,CODER_A,2,2,2,3,4,4,3,4,4,diagnostic_simulation,0,0,0,0,0,0,,SC_0404,C2
CDA5C601,CODER_B,2,2,2,2,4,4,3,4,5,diagnostic_simulation,0,0,0,1,0,0,,SC_0404,C2
8F3EC829,CODER_A,2,2,3,3,4,4,4,4,4,diagnostic_simulation,0,0,0,0,0,0,,SC_1116,C2
8F3EC829,CODER_B,3,3,4,4,4,5,4,3,5,diagnostic_simulation,1,0,0,0,1,0,,SC_1116,C2
8A194B02,CODER_A,1,3,3,3,4,5,5,4,5,diagnostic_simulation,0,0,0,0,0,0,,SC_1523,C2
8A194B02,CODER_B,2,1,3,3,4,4,3,4,4,diagnostic_simulation,0,0,0,0,0,0,,SC_1523,C2
876A9932,CODER_A,3,3,3,4,4,4,4,4,5,diagnostic_simulation,0,0,0,1,0,0,,SC_1691,C2
876A9932,CODER_B,4,4,2,3,5,4,4,4,5,diagnostic_simulation,0,0,0,0,0,0,,SC_1691,C2
EA49A87B,CODER_A,3,3,3,3,4,4,4,3,4,diagnostic_simulation,1,0,0,0,0,0,,SC_1786,C2
EA49A87B,CODER_B,2,1,3,2,5,5,4,4,5,diagnostic_simulation,1,0,0,0,0,0,,SC_1786,C2
4BD9B41E,CODER_A,3,2,3,4,5,4,4,4,4,diagnostic_simulation,1,0,0,0,0,1,,SC_1515,C2
4BD9B41E,CODER_B,2,2,4,3,4,5,4,4,4,diagnostic_simulation,0,0,0,0,0,0,,SC_1515,C2
29298041,CODER_A,2,3,3,3,4,4,4,4,4,diagnostic_simulation,1,0,0,1,0,0,,SC_0097,C2
29298041,CODER_B,2,2,3,3,4,4,4,4,4,diagnostic_simulation,0,0,0,0,0,0,,SC_0097,C2
B8832DB9,CODER_A,3,3,2,3,4,4,4,4,4,diagnostic_simulation,0,0,0,0,0,0,,SC_1260,C2
B8832DB9,CODER_B,2,3,4,4,5,4,4,5,4,diagnostic_simulation,0,0,0,0,0,0,,SC_1260,C2
6066ED1E,CODER_A,2,3,3,3,4,5,3,4,4,diagnostic_simulation,0,0,0,0,0,0,,SC_0040,C2
6066ED1E,CODER_B,2,2,3,4,4,4,5,4,4,diagnostic_simulation,0,0,0,1,0,1,,SC_0040,C2
969B51FD,CODER_A,2,3,3,4,4,4,3,5,4,reject,0,0,0,0,0,0,,SC_1470,C2
969B51FD,CODER_B,2,2,3,3,3,4,4,3,5,diagnostic_simulation,0,0,0,0,0,0,,SC_1470,C2
F1AD378D,CODER_A,3,3,4,3,3,4,4,4,4,diagnostic_simulation,0,0,0,0,0,0,,SC_0243,C2
F1AD378D,CODER_B,3,2,3,3,4,4,3,4,4,diagnostic_simulation,1,0,0,0,0,0,,SC_0243,C2
92C7A62B,CODER_A,3,3,3,4,4,5,5,5,4,diagnostic_simulation,1,0,0,1,0,0,,SC_0123,C2
92C7A62B,CODER_B,3,3,3,4,4,4,4,5,5,diagnostic_simulation,1,0,0,0,0,1,,SC_0123,C2
899EA680,CODER_A,2,2,3,3,4,5,4,4,4,diagnostic_simulation,0,0,0,0,0,0,,SC_1416,C2
899EA680,CODER_B,2,3,3,4,5,4,4,4,5,diagnostic_simulation,0,0,0,0,0,0,,SC_1416,C2
5C17978B,CODER_A,3,3,4,4,3,5,3,4,4,diagnostic_simulation,0,0,0,0,0,0,,SC_1082,C2
5C17978B,CODER_B,3,2,3,4,3,3,2,5,4,reject,0,0,0,0,0,0,,SC_1082,C2
44A64BC5,CODER_A,3,3,3,4,4,4,4,4,4,diagnostic_simulation,1,0,0,0,0,0,,SC_1486,C2
44A64BC5,CODER_B,4,3,3,2,3,5,4,4,5,diagnostic_simulation,1,0,0,0,0,0,,SC_1486,C2
9DF32CCF,CODER_A,3,3,3,3,4,4,5,3,4,diagnostic_simulation,1,0,0,0,0,0,,SC_0292,C2
9DF32CCF,CODER_B,2,2,4,4,5,5,5,4,5,diagnostic_simulation,0,0,0,0,0,0,,SC_0292,C2
48D67148,CODER_A,3,2,3,3,4,4,4,4,5,feedback_policy_testing,0,0,0,0,0,0,,SC_0688,C2
48D67148,CODER_B,2,3,4,2,4,4,4,4,4,diagnostic_simulation,0,0,0,0,0,0,,SC_0688,C2
C3C2F1EC,CODER_A,3,3,3,3,5,4,4,4,4,diagnostic_simulation,1,0,0,0,0,0,,SC_2074,C2
C3C2F1EC,CODER_B,3,3,3,3,4,5,4,4,4,learning_by_teaching,1,0,0,1,0,0,,SC_2074,C2
0E7861EA,CODER_A,3,2,3,3,4,5,4,5,4,diagnostic_simulation,0,1,0,0,0,0,,SC_1959,C2
0E7861EA,CODER_B,2,3,3,3,4,4,3,4,5,diagnostic_simulation,1,0,0,1,0,0,,SC_1959,C2
F3110D4E,CODER_A,2,3,3,3,4,5,3,4,4,learning_by_teaching,0,0,0,0,0,0,,SC_0570,C2
F3110D4E,CODER_B,3,4,4,3,4,4,4,4,4,diagnostic_simulation,0,0,0,0,1,0,,SC_0570,C2
11E4DA7D,CODER_A,3,2,4,3,4,5,5,5,4,diagnostic_simulation,1,0,0,1,0,0,,SC_1181,C2
11E4DA7D,CODER_B,2,3,4,4,4,4,4,4,5,diagnostic_simulation,1,1,0,0,0,0,,SC_1181,C2
4643EDDF,CODER_A,2,3,3,3,4,4,5,4,4,diagnostic_simulation,0,0,0,1,1,0,,SC_0900,C2
4643EDDF,CODER_B,3,2,3,3,4,5,4,5,4,feedback_policy_testing,0,0,0,0,0,0,,SC_0900,C2
47147FDE,CODER_A,3,2,3,3,4,5,4,4,5,learning_by_teaching,1,1,0,0,0,0,,SC_0746,C2
47147FDE,CODER_B,3,3,4,2,3,5,4,4,4,feedback_policy_testing,0,0,0,0,1,0,,SC_0746,C2
1C87A4F8,CODER_A,3,2,3,4,5,4,3,5,4,learning_by_teaching,0,0,0,1,0,0,,SC_0505,C2
1C87A4F8,CODER_B,3,2,3,4,4,4,3,4,4,diagnostic_simulation,0,1,0,0,0,0,,SC_0505,C2
AAAA0093,CODER_A,3,3,3,4,4,4,4,4,5,diagnostic_simulation,0,0,0,1,0,0,,SC_0605,C2
AAAA0093,CODER_B,2,3,3,4,5,4,4,4,5,diagnostic_simulation,0,0,0,0,0,0,,SC_0605,C2
66A5797E,CODER_A,2,2,4,4,5,4,4,4,4,diagnostic_simulation,0,0,0,0,0,0,,SC_0132,C2
66A5797E,CODER_B,2,3,3,4,5,4,3,3,3,diagnostic_simulation,0,0,0,0,1,0,,SC_0132,C2
E6FF74B1,CODER_A,2,3,4,4,4,4,5,4,4,diagnostic_simulation,0,1,0,0,0,1,,SC_1954,C2
E6FF74B1,CODER_B,3,3,4,3,4,3,3,4,4,diagnostic_simulation,1,0,0,1,0,0,,SC_1954,C2
6B50A3B3,CODER_A,2,3,2,4,4,4,4,3,5,diagnostic_simulation,0,0,0,0,0,0,,SC_2231,C2
6B50A3B3,CODER_B,3,3,2,3,5,4,5,4,5,diagnostic_simulation,0,0,0,0,0,0,,SC_2231,C2
5E079250,CODER_A,3,3,3,3,4,5,4,4,4,diagnostic_simulation,0,1,0,0,0,0,,SC_1515,C2
5E079250,CODER_B,2,2,3,3,5,5,5,3,4,diagnostic_simulation,1,0,0,0,0,0,,SC_1515,C2
8720A52F,CODER_A,3,3,3,3,5,4,4,4,4,diagnostic_simulation,0,0,0,1,0,0,,SC_1994,C2
8720A52F,CODER_B,3,3,3,3,5,5,4,3,4,diagnostic_simulation,0,0,0,0,0,0,,SC_1994,C2
25D683AE,CODER_A,3,3,4,3,4,5,4,4,4,diagnostic_simulation,1,1,0,0,0,0,,SC_1572,C2
25D683AE,CODER_B,2,4,2,4,5,5,4,5,4,feedback_policy_testing,0,0,0,0,0,0,,SC_1572,C2
D1ACC1DE,CODER_A,2,3,3,3,3,5,4,4,4,diagnostic_simulation,1,0,0,0,0,0,,SC_1973,C2
D1ACC1DE,CODER_B,2,3,4,3,4,5,3,3,4,diagnostic_simulation,0,0,0,0,0,0,,SC_1973,C2
B117D7E0,CODER_A,3,3,4,3,4,5,4,4,4,diagnostic_simulation,1,0,0,1,0,0,,SC_0243,C2
B117D7E0,CODER_B,2,3,4,3,5,5,4,4,4,diagnostic_simulation,0,0,0,0,1,1,,SC_0243,C2
A5E780E8,CODER_A,2,2,3,3,3,4,4,5,4,diagnostic_simulation,0,0,0,0,0,0,,SC_1691,C2
A5E780E8,CODER_B,2,2,4,4,4,3,4,5,4,diagnostic_simulation,0,0,0,0,0,0,,SC_1691,C2
EED3FB99,CODER_A,2,2,3,4,4,4,4,5,4,diagnostic_simulation,1,0,0,0,0,1,,SC_0132,C2
EED3FB99,CODER_B,3,3,3,3,4,4,4,4,4,feedback_policy_testing,0,0,0,0,0,0,,SC_0132,C2
C58B0AB5,CODER_A,2,3,4,4,4,4,4,4,3,diagnostic_simulation,0,0,0,0,0,1,,SC_0795,C2
C58B0AB5,CODER_B,2,3,3,3,4,4,3,4,4,diagnostic_simulation,0,0,0,0,0,0,,SC_0795,C2
5356495E,CODER_A,3,3,3,4,4,5,4,4,4,diagnostic_simulation,0,0,0,0,0,0,,SC_1994,C2
5356495E,CODER_B,2,2,3,3,3,5,5,4,5,diagnostic_simulation,0,0,0,0,0,0,,SC_1994,C2
A07D8F85,CODER_A,3,3,3,2,4,4,4,5,4,diagnostic_simulation,1,0,0,0,0,0,,SC_1474,C2
A07D8F85,CODER_B,3,3,3,4,5,5,3,5,5,diagnostic_simulation,0,0,0,0,0,0,,SC_1474,C2
D1355BF7,CODER_A,3,4,3,4,5,4,4,4,3,diagnostic_simulation,0,0,0,0,0,0,,SC_0046,C2
D1355BF7,CODER_B,2,3,4,4,5,4,4,4,4,diagnostic_simulation,0,0,0,0,1,0,,SC_0046,C2
4D65B8D8,CODER_A,2,3,3,4,4,4,4,4,4,learning_by_teaching,0,0,0,0,0,0,,SC_1817,C2
4D65B8D8,CODER_B,1,2,3,3,4,5,4,4,4,learning_by_teaching,0,0,0,0,0,0,,SC_1817,C2
895CF115,CODER_A,2,3,4,4,4,4,4,4,4,diagnostic_simulation,1,0,0,0,0,0,,SC_1119,C2
895CF115,CODER_B,3,3,3,3,4,4,4,5,4,diagnostic_simulation,0,0,0,0,0,0,,SC_1119,C2
56E873AC,CODER_A,2,4,3,3,4,5,4,4,5,reject,0,0,0,0,0,0,,SC_1993,C2
56E873AC,CODER_B,3,3,4,3,4,3,3,4,4,diagnostic_simulation,0,0,0,1,0,0,,SC_1993,C2
5E1B7D5C,CODER_A,2,3,3,4,4,4,3,4,5,diagnostic_simulation,1,0,0,1,0,0,,SC_2074,C2
5E1B7D5C,CODER_B,3,3,3,3,4,4,5,4,4,diagnostic_simulation,1,0,0,0,0,0,,SC_2074,C2
5BBDD66C,CODER_A,3,3,3,3,4,4,4,4,4,diagnostic_simulation,1,0,0,0,0,0,,SC_0946,C2
5BBDD66C,CODER_B,3,3,3,5,4,4,4,5,4,diagnostic_simulation,0,0,0,0,1,0,,SC_0946,C2
23798735,CODER_A,3,3,3,4,5,4,5,4,4,diagnostic_simulation,1,0,0,0,0,0,,SC_0222,C2
23798735,CODER_B,3,3,2,3,4,5,4,4,4,diagnostic_simulation,0,0,0,0,0,0,,SC_0222,C2
FE013B34,CODER_A,2,3,3,3,5,4,3,5,4,diagnostic_simulation,0,0,0,1,0,0,,SC_1030,C2
FE013B34,CODER_B,3,4,4,5,4,4,4,5,4,diagnostic_simulation,1,0,0,0,0,0,,SC_1030,C2
081E2625,CODER_A,2,3,2,3,5,5,4,3,4,feedback_policy_testing,0,0,0,0,0,0,,SC_2029,C2
081E2625,CODER_B,3,2,3,4,4,5,3,3,4,diagnostic_simulation,0,0,0,1,0,0,,SC_2029,C2
6A173111,CODER_A,3,3,3,3,4,4,4,3,4,diagnostic_simulation,1,0,0,0,0,0,,SC_0809,C2
6A173111,CODER_B,3,3,4,3,4,4,3,5,3,diagnostic_simulation,0,1,0,1,0,0,,SC_0809,C2
657A6CA2,CODER_A,3,3,3,3,5,5,3,5,5,diagnostic_simulation,0,0,0,0,0,0,,SC_1314,C2
657A6CA2,CODER_B,3,3,4,2,5,4,3,3,4,reject,0,0,0,0,0,0,,SC_1314,C2
E0417665,CODER_A,2,3,3,3,4,4,4,4,4,diagnostic_simulation,0,0,0,0,0,0,,SC_1429,C2
E0417665,CODER_B,2,2,3,4,4,5,4,5,4,diagnostic_simulation,0,0,0,0,0,0,,SC_1429,C2
15A3FC04,CODER_A,2,3,3,4,4,5,4,5,4,diagnostic_simulation,0,0,0,0,0,0,,SC_0448,C2
15A3FC04,CODER_B,2,3,4,3,5,5,4,4,4,diagnostic_simulation,1,0,0,0,0,0,,SC_0448,C2
8A7ECE2E,CODER_A,2,3,3,3,4,5,4,4,4,diagnostic_simulation,0,0,0,0,0,0,,SC_1363,C2
8A7ECE2E,CODER_B,3,3,3,3,5,4,4,4,4,feedback_policy_testing,0,0,0,0,0,0,,SC_1363,C2
1397E370,CODER_A,2,3,3,4,4,5,4,4,4,diagnostic_simulation,0,0,0,1,0,0,,SC_1820,C2
1397E370,CODER_B,2,2,4,3,4,5,5,4,4,diagnostic_simulation,0,0,0,0,0,0,,SC_1820,C2
2169774A,CODER_A,2,3,3,3,4,5,3,5,4,diagnostic_simulation,0,0,0,0,1,0,,SC_1281,C2
2169774A,CODER_B,3,2,3,4,4,5,3,4,4,diagnostic_simulation,0,1,1,0,0,0,,SC_1281,C2
D35FA8F7,CODER_A,2,3,3,4,4,4,3,4,4,feedback_policy_testing,0,0,0,1,1,0,,SC_1116,C2
D35FA8F7,CODER_B,3,3,4,4,5,5,4,3,3,reject,0,0,0,0,0,0,,SC_1116,C2
2216A0DB,CODER_A,3,3,4,3,4,4,4,4,4,diagnostic_simulation,1,0,0,1,0,0,,SC_0505,C2
2216A0DB,CODER_B,2,4,3,3,4,5,4,5,5,diagnostic_simulation,0,0,0,0,0,0,,SC_0505,C2
F7B9D053,CODER_A,2,3,4,3,4,4,4,5,5,diagnostic_simulation,1,1,0,0,1,0,,SC_1993,C2
F7B9D053,CODER_B,2,2,3,3,4,4,3,5,5,diagnostic_simulation,0,0,0,0,0,1,,SC_1993,C2
85061886,CODER_A,3,3,3,4,5,5,4,3,4,diagnostic_simulation,0,1,0,1,0,0,,SC_1925,C2
85061886,CODER_B,3,3,4,3,3,5,3,5,3,diagnostic_simulation,0,0,0,0,0,0,,SC_1925,C2
EE4C3AD4,CODER_A,2,3,3,4,4,5,4,4,5,diagnostic_simulation,1,0,0,0,0,0,,SC_0192,C2
EE4C3AD4,CODER_B,3,4,2,4,3,4,4,4,4,diagnostic_simulation,0,0,0,0,0,0,,SC_0192,C2
A2BD91B7,CODER_A,3,3,3,2,2,3,2,2,3,reject,0,0,0,0,0,0,,SC_0527,C3
A2BD91B7,CODER_B,3,3,2,3,3,3,3,2,3,reject,0,1,0,0,0,0,,SC_0527,C3
B6233B47,CODER_A,2,3,3,2,2,2,3,3,2,feedback_policy_testing,0,0,0,1,0,0,,SC_1316,C3
B6233B47,CODER_B,4,3,1,3,2,2,1,3,2,reject,0,0,0,0,0,0,,SC_1316,C3
1643C261,CODER_A,3,3,3,3,2,3,2,2,2,reject,0,0,0,1,0,1,,SC_0097,C3
1643C261,CODER_B,3,3,3,3,2,2,2,2,2,diagnostic_simulation,0,0,0,0,0,1,,SC_0097,C3
7BBE6DEA,CODER_A,3,3,3,3,3,2,2,3,1,reject,0,0,1,0,0,1,,SC_0192,C3
7BBE6DEA,CODER_B,3,3,3,2,3,2,3,3,3,reject,0,1,0,1,0,0,,SC_0192,C3
9575EF88,CODER_A,2,3,3,2,2,2,2,3,2,reject,1,1,1,1,0,0,,SC_1927,C3
9575EF88,CODER_B,3,2,3,3,2,2,2,2,3,reject,0,0,0,1,0,0,,SC_1927,C3
66D42E9E,CODER_A,3,3,3,2,2,2,2,2,2,reject,0,1,0,0,0,0,,SC_0407,C3
66D42E9E,CODER_B,3,1,2,3,3,2,3,2,3,reject,0,0,0,1,0,1,,SC_0407,C3
AE6E0B28,CODER_A,3,3,2,2,3,2,2,3,2,reject,1,0,0,0,0,0,,SC_2156,C3
AE6E0B28,CODER_B,3,3,3,2,2,2,2,3,2,feedback_policy_testing,0,0,0,1,1,0,,SC_2156,C3
A8878C82,CODER_A,3,3,3,3,2,2,2,2,3,reject,0,1,0,0,0,0,,SC_0871,C3
A8878C82,CODER_B,2,2,3,2,3,1,3,3,3,reject,1,1,0,1,1,0,,SC_0871,C3
1B6411CC,CODER_A,2,3,3,2,3,2,2,3,3,reject,0,0,0,1,0,0,,SC_2147,C3
1B6411CC,CODER_B,4,3,3,2,3,3,1,2,2,reject,1,0,0,0,1,1,,SC_2147,C3
60758417,CODER_A,3,3,3,3,2,2,2,2,2,reject,0,0,0,1,1,1,,SC_0353,C3
60758417,CODER_B,3,3,3,3,1,2,3,2,3,reject,0,0,0,0,0,0,,SC_0353,C3
2A84F0AC,CODER_A,3,3,3,2,2,2,3,3,2,reject,0,0,0,0,0,0,,SC_0132,C3
2A84F0AC,CODER_B,4,3,3,2,3,1,3,3,3,reject,0,0,0,0,1,0,,SC_0132,C3
999ECD4D,CODER_A,3,3,3,3,2,2,3,2,2,reject,0,0,0,1,0,0,,SC_1119,C3
999ECD4D,CODER_B,2,3,3,3,3,2,3,3,4,learning_by_teaching,0,0,0,1,1,0,,SC_1119,C3
26992547,CODER_A,3,2,3,2,3,2,2,2,2,feedback_policy_testing,0,1,0,0,1,0,,SC_1974,C3
26992547,CODER_B,2,1,3,3,4,2,2,3,1,reject,0,0,0,1,0,0,,SC_1974,C3
139C2C1A,CODER_A,3,3,3,3,2,3,3,2,3,reject,0,0,0,0,0,1,,SC_2108,C3
139C2C1A,CODER_B,3,2,3,3,3,2,3,2,2,reject,1,0,0,0,0,0,,SC_2108,C3
CDF8F49B,CODER_A,3,2,3,2,2,2,3,2,2,reject,1,0,0,0,0,0,,SC_0040,C3
CDF8F49B,CODER_B,3,3,3,2,2,1,1,2,2,reject,0,1,0,0,1,0,,SC_0040,C3
C3B3AED2,CODER_A,3,2,2,3,2,2,2,2,3,reject,0,1,0,0,0,0,,SC_1927,C3
C3B3AED2,CODER_B,3,2,3,3,2,2,3,3,2,learning_by_teaching,1,1,0,1,1,0,,SC_1927,C3
EF450A88,CODER_A,3,2,3,2,2,2,2,2,2,reject,0,0,0,1,0,1,,SC_1416,C3
EF450A88,CODER_B,2,2,3,2,3,3,2,2,2,reject,0,0,0,0,0,1,,SC_1416,C3
9445FDE9,CODER_A,2,2,3,3,3,2,2,3,2,reject,0,0,0,0,0,0,,SC_0487,C3
9445FDE9,CODER_B,2,2,2,3,2,1,2,1,1,reject,1,1,0,0,0,0,,SC_0487,C3
7CFBDAB6,CODER_A,3,3,3,3,2,2,2,3,3,reject,0,1,0,0,1,0,,SC_0570,C3
7CFBDAB6,CODER_B,3,2,3,2,1,1,2,2,3,reject,0,0,0,0,0,0,,SC_0570,C3
1C1B3D8C,CODER_A,3,3,3,3,2,2,2,3,2,reject,0,0,0,0,0,0,,SC_0243,C3
1C1B3D8C,CODER_B,4,2,3,3,3,2,3,3,2,reject,0,0,0,0,0,0,,SC_0243,C3
741A3EBB,CODER_A,3,3,2,2,3,2,2,3,1,learning_by_teaching,1,0,0,1,0,1,,SC_0605,C3
741A3EBB,CODER_B,4,2,4,3,3,2,3,2,3,reject,0,0,0,1,0,0,,SC_0605,C3
1224199B,CODER_A,3,2,3,3,3,2,3,3,2,reject,0,0,0,1,0,0,,SC_0725,C3
1224199B,CODER_B,3,1,3,3,3,2,2,3,3,reject,0,0,0,0,0,0,,SC_0725,C3
FA774552,CODER_A,3,3,2,3,2,2,2,2,3,reject,1,0,1,1,1,1,,SC_1486,C3
FA774552,CODER_B,3,2,2,4,3,2,3,2,3,feedback_policy_testing,0,0,0,0,0,0,,SC_1486,C3
D706E963,CODER_A,2,2,4,3,2,2,3,2,3,feedback_policy_testing,0,0,0,0,0,0,,SC_1954,C3
D706E963,CODER_B,3,2,3,2,3,3,2,3,2,reject,0,0,0,0,1,1,,SC_1954,C3
EFD5A21D,CODER_A,3,2,3,2,3,2,2,2,2,feedback_policy_testing,0,0,0,1,0,0,,SC_0795,C3
EFD5A21D,CODER_B,3,4,3,2,3,2,2,3,2,reject,1,0,0,0,0,0,,SC_0795,C3
6E5F5998,CODER_A,3,2,3,3,3,2,3,2,2,diagnostic_simulation,0,0,0,1,0,0,,SC_0407,C3
6E5F5998,CODER_B,3,2,2,2,3,2,1,2,3,reject,1,0,0,1,0,1,,SC_0407,C3
2FA3F03E,CODER_A,3,2,3,3,2,2,3,3,2,feedback_policy_testing,1,0,0,0,0,0,,SC_0097,C3
2FA3F03E,CODER_B,3,1,4,3,3,3,3,2,2,reject,0,0,0,0,0,0,,SC_0097,C3
49620023,CODER_A,3,2,3,3,2,2,3,3,3,reject,0,0,0,0,0,0,,SC_1026,C3
49620023,CODER_B,3,3,2,3,2,4,2,2,2,reject,0,0,0,1,0,0,,SC_1026,C3
D8517EC6,CODER_A,3,3,3,2,2,3,3,1,2,reject,0,0,1,0,0,0,,SC_0046,C3
D8517EC6,CODER_B,2,2,2,2,1,3,2,3,2,reject,0,0,0,1,0,0,,SC_0046,C3
56809D42,CODER_A,3,2,3,2,2,2,2,2,3,reject,0,1,0,0,1,0,,SC_0014,C3
56809D42,CODER_B,3,1,2,3,3,1,2,3,2,reject,0,0,0,0,1,1,,SC_0014,C3
EB166047,CODER_A,3,2,3,2,3,2,3,3,3,reject,0,1,0,1,0,0,,SC_1026,C3
EB166047,CODER_B,3,2,2,2,3,3,4,3,2,reject,0,1,0,1,0,0,,SC_1026,C3
212818D3,CODER_A,4,3,3,3,2,2,2,2,3,reject,0,1,0,0,0,0,,SC_1572,C3
212818D3,CODER_B,3,4,2,3,3,1,2,2,2,feedback_policy_testing,0,0,0,0,0,0,,SC_1572,C3
DC67D301,CODER_A,2,3,3,3,3,2,3,2,3,reject,0,0,0,0,0,0,,SC_0800,C3
DC67D301,CODER_B,2,4,3,1,2,2,2,3,3,reject,0,0,0,1,1,0,,SC_0800,C3
6A3E0D42,CODER_A,3,3,3,2,3,2,3,3,3,reject,0,0,0,0,0,0,,SC_0123,C3
6A3E0D42,CODER_B,3,2,3,2,2,2,2,2,3,reject,1,0,0,0,0,1,,SC_0123,C3
112FDEF8,CODER_A,3,3,4,3,3,2,3,3,2,reject,0,0,0,1,0,0,,SC_0570,C3
112FDEF8,CODER_B,3,4,3,2,2,2,4,3,2,reject,0,0,0,0,0,1,,SC_0570,C3
1D1CA75A,CODER_A,3,2,3,3,2,2,2,2,3,reject,0,0,0,1,0,1,,SC_0746,C3
1D1CA75A,CODER_B,4,2,3,2,2,1,3,3,2,reject,0,0,0,1,0,0,,SC_0746,C3
CCC611BE,CODER_A,3,2,3,2,3,2,2,2,2,feedback_policy_testing,0,0,0,0,0,0,,SC_1817,C3
CCC611BE,CODER_B,2,3,2,3,1,1,2,2,3,learning_by_teaching,0,0,0,1,0,0,,SC_1817,C3
485A0AF1,CODER_A,2,3,3,3,3,2,2,3,2,reject,0,1,0,0,0,0,,SC_0265,C3
485A0AF1,CODER_B,3,3,2,3,2,2,2,2,2,reject,0,1,0,0,0,0,,SC_0265,C3
6A188171,CODER_A,3,2,2,3,3,2,3,3,2,reject,1,0,0,1,0,0,,SC_0123,C3
6A188171,CODER_B,3,3,1,3,2,3,2,3,2,reject,0,0,0,1,0,0,,SC_0123,C3
6B95C3D6,CODER_A,2,3,4,2,3,1,3,2,2,reject,0,0,0,0,0,0,,SC_2231,C3
6B95C3D6,CODER_B,3,3,2,2,3,1,3,3,1,reject,1,1,0,0,0,0,,SC_2231,C3
FCCC45C7,CODER_A,3,3,3,3,2,1,2,2,2,reject,0,0,0,0,0,0,,SC_2147,C3
FCCC45C7,CODER_B,3,2,3,2,3,2,2,3,3,reject,0,0,0,1,0,1,,SC_2147,C3
F80C882A,CODER_A,3,2,2,3,3,2,3,3,2,reject,0,0,0,0,0,0,,SC_1691,C3
F80C882A,CODER_B,2,2,2,3,3,3,2,3,3,diagnostic_simulation,0,0,0,0,1,0,,SC_1691,C3
097B3192,CODER_A,3,2,3,3,2,2,2,3,2,feedback_policy_testing,0,0,0,1,0,0,,SC_0040,C3
097B3192,CODER_B,3,3,2,3,3,2,3,2,3,reject,0,0,0,0,0,0,,SC_0040,C3
63AD6018,CODER_A,2,2,3,3,3,2,2,3,2,diagnostic_simulation,0,0,0,0,0,0,,SC_1527,C3
63AD6018,CODER_B,2,3,4,2,4,2,2,4,3,reject,0,1,0,0,1,0,,SC_1527,C3
F65F5F65,CODER_A,3,3,4,3,3,2,2,2,2,reject,0,0,0,0,0,0,,SC_1030,C3
F65F5F65,CODER_B,3,2,3,2,4,2,2,2,1,reject,0,0,0,0,1,1,,SC_1030,C3
9DFB78F2,CODER_A,3,3,3,3,2,3,2,2,2,reject,0,0,0,0,0,0,,SC_1281,C3
9DFB78F2,CODER_B,2,3,3,3,2,3,3,2,3,reject,0,1,0,0,0,0,,SC_1281,C3
567E1DE2,CODER_A,2,2,3,2,2,2,2,2,2,diagnostic_simulation,0,0,0,0,0,0,,SC_0265,C3
567E1DE2,CODER_B,1,1,4,2,4,2,2,2,3,reject,0,0,0,0,0,1,,SC_0265,C3
575B8778,CODER_A,3,2,3,3,3,2,2,2,2,reject,0,0,0,0,0,0,,SC_1876,C3
575B8778,CODER_B,4,3,3,2,2,2,3,3,3,reject,0,0,0,0,1,0,,SC_1876,C3
9624B8B6,CODER_A,3,3,4,3,3,2,2,2,2,reject,0,1,0,0,1,0,,SC_2108,C3
9624B8B6,CODER_B,3,2,1,2,2,1,3,2,2,reject,0,0,0,1,1,0,,SC_2108,C3
910B2856,CODER_A,3,3,3,3,2,2,2,3,1,reject,0,0,1,0,0,0,,SC_1293,C3
910B2856,CODER_B,2,2,3,2,2,2,3,3,2,diagnostic_simulation,1,0,0,0,0,0,,SC_1293,C3
2647657B,CODER_A,2,2,2,2,3,2,2,2,2,learning_by_teaching,0,0,0,0,0,1,,SC_1527,C3
2647657B,CODER_B,3,1,2,2,3,3,3,3,2,reject,0,1,0,1,1,0,,SC_1527,C3
C87E6612,CODER_A,2,2,3,3,2,2,2,3,2,reject,0,0,0,0,0,0,,SC_0900,C3
C87E6612,CODER_B,3,2,2,2,3,2,2,3,2,feedback_policy_testing,0,0,0,1,1,0,,SC_0900,C3
E15827D5,CODER_A,3,3,3,2,3,2,3,2,2,reject,0,0,0,0,0,0,,SC_0605,C3
E15827D5,CODER_B,4,3,2,4,2,3,3,2,2,reject,1,0,0,0,0,0,,SC_0605,C3
332046AB,CODER_A,3,2,3,3,3,2,2,2,2,reject,0,0,0,0,0,0,,SC_1036,C3
332046AB,CODER_B,2,2,2,2,2,2,3,3,2,learning_by_teaching,0,1,0,1,0,0,,SC_1036,C3
81BA8D17,CODER_A,3,2,3,4,3,3,2,1,3,reject,0,0,0,1,0,1,,SC_1429,C3
81BA8D17,CODER_B,2,2,3,3,2,2,2,3,3,feedback_policy_testing,0,0,0,1,0,0,,SC_1429,C3
21BB8787,CODER_A,3,3,2,3,3,1,2,3,2,feedback_policy_testing,0,0,0,0,0,1,,SC_1993,C3
21BB8787,CODER_B,4,4,4,3,2,2,2,3,1,feedback_policy_testing,0,0,0,1,0,1,,SC_1993,C3
5499654D,CODER_A,3,3,3,3,2,2,3,2,2,reject,0,0,0,0,0,0,,SC_2147,C3
5499654D,CODER_B,4,4,3,2,2,3,3,2,3,reject,1,0,0,0,1,0,,SC_2147,C3
35CEC58A,CODER_A,3,2,3,3,3,2,2,2,2,reject,0,0,0,1,1,0,,SC_0292,C3
35CEC58A,CODER_B,3,2,3,3,2,3,2,2,2,reject,0,0,0,0,1,1,,SC_0292,C3
A57DC317,CODER_A,2,3,3,3,3,1,3,3,2,reject,0,0,1,1,0,1,,SC_0157,C3
A57DC317,CODER_B,3,2,2,2,3,3,3,3,2,reject,1,0,0,1,0,0,,SC_0157,C3
7B83E1D5,CODER_A,3,2,3,3,3,2,2,3,3,reject,0,0,0,1,0,0,,SC_0900,C3
7B83E1D5,CODER_B,3,2,4,2,2,2,3,3,3,reject,0,0,0,0,0,0,,SC_0900,C3
C78451D8,CODER_A,2,2,2,3,2,2,3,2,2,reject,1,0,0,1,0,1,,SC_1959,C4
C78451D8,CODER_B,2,2,2,2,2,1,2,3,2,reject,1,0,0,1,0,0,,SC_1959,C4
C188D7E9,CODER_A,1,2,2,2,2,2,2,2,2,reject,0,0,0,1,0,0,,SC_1368,C4
C188D7E9,CODER_B,2,2,1,3,2,2,2,1,2,reject,0,0,0,1,1,0,,SC_1368,C4
99A7D49F,CODER_A,1,1,2,2,2,2,2,2,2,reject,1,0,0,1,0,1,,SC_1253,C4
99A7D49F,CODER_B,2,1,2,2,1,2,3,2,3,reject,0,1,0,1,1,1,,SC_1253,C4
0298B245,CODER_A,1,2,2,2,2,2,3,2,1,reject,0,0,0,1,0,1,,SC_1030,C4
0298B245,CODER_B,3,3,1,3,2,2,1,1,2,learning_by_teaching,1,0,0,0,0,1,,SC_1030,C4
944414A8,CODER_A,2,1,2,2,2,2,2,1,2,reject,0,0,0,1,0,0,,SC_1515,C4
944414A8,CODER_B,1,2,2,1,3,2,4,2,2,diagnostic_simulation,0,0,0,1,1,1,,SC_1515,C4
7D4509ED,CODER_A,2,2,2,2,2,2,2,1,2,reject,1,0,0,1,0,1,,SC_1358,C4
7D4509ED,CODER_B,2,1,3,3,1,1,1,2,2,reject,0,0,0,0,1,0,,SC_1358,C4
F0E3ACD2,CODER_A,1,1,2,3,1,2,2,2,2,reject,1,1,0,1,0,0,,SC_1527,C4
F0E3ACD2,CODER_B,1,2,3,3,1,3,3,2,2,learning_by_teaching,1,0,0,0,0,0,,SC_1527,C4
B1112031,CODER_A,1,1,2,2,1,2,1,2,2,reject,1,0,0,0,1,0,,SC_1994,C4
B1112031,CODER_B,1,1,2,2,2,1,3,2,2,reject,1,0,0,1,0,1,,SC_1994,C4
C5525F31,CODER_A,2,2,2,2,2,1,1,1,2,reject,0,0,0,1,0,0,,SC_1437,C4
C5525F31,CODER_B,1,2,1,2,2,2,1,2,2,reject,1,0,0,1,0,0,,SC_1437,C4
7C1FDDFC,CODER_A,1,2,2,2,1,2,1,1,2,reject,1,0,0,1,1,0,,SC_2231,C4
7C1FDDFC,CODER_B,1,2,2,2,1,2,1,3,1,reject,0,0,0,1,0,1,,SC_2231,C4
94D758B8,CODER_A,3,3,2,2,1,2,2,1,2,reject,0,0,0,1,0,0,,SC_1026,C4
94D758B8,CODER_B,1,2,2,2,3,1,2,2,2,reject,0,0,0,1,0,1,,SC_1026,C4
45E985D6,CODER_A,1,2,2,3,2,2,2,2,1,reject,0,0,0,1,0,0,,SC_0097,C4
45E985D6,CODER_B,1,2,2,2,1,2,1,1,1,diagnostic_simulation,1,0,0,0,0,0,,SC_0097,C4
FD397ECA,CODER_A,1,2,2,2,2,2,2,2,1,reject,1,1,0,1,0,0,,SC_1474,C4
FD397ECA,CODER_B,1,2,1,2,2,1,3,3,2,reject,1,0,0,0,0,0,,SC_1474,C4
627D94BC,CODER_A,2,1,2,2,2,2,2,1,2,reject,1,1,0,0,1,1,,SC_0557,C4
627D94BC,CODER_B,2,2,2,2,2,1,2,1,2,reject,0,0,0,1,0,1,,SC_0557,C4
D72B059A,CODER_A,2,1,2,2,2,2,2,2,2,reject,1,0,0,1,0,1,,SC_0243,C4
D72B059A,CODER_B,1,1,1,2,1,3,2,2,2,reject,0,0,1,1,0,1,,SC_0243,C4
6148DB46,CODER_A,1,2,2,2,2,2,2,2,2,reject,0,0,0,1,0,0,,SC_1278,C4
6148DB46,CODER_B,1,3,3,2,2,1,2,1,2,reject,1,0,1,0,0,0,,SC_1278,C4
7812958F,CODER_A,1,2,2,2,2,1,1,2,2,reject,0,0,0,0,0,1,,SC_1994,C4
7812958F,CODER_B,1,2,2,2,2,1,1,2,2,reject,1,0,1,1,0,0,,SC_1994,C4
515C810D,CODER_A,1,2,2,2,2,2,2,2,1,reject,1,0,0,1,0,1,,SC_0072,C4
515C810D,CODER_B,2,2,2,2,3,2,2,1,1,reject,0,0,0,0,1,1,,SC_0072,C4
67364284,CODER_A,1,2,1,2,2,1,2,2,2,reject,1,0,0,1,1,0,,SC_0014,C4
67364284,CODER_B,2,2,2,3,2,1,3,2,2,reject,0,0,0,0,0,0,,SC_0014,C4
087873CC,CODER_A,1,2,2,2,2,2,2,1,2,reject,1,0,0,1,0,0,,SC_0946,C4
087873CC,CODER_B,3,2,3,2,2,2,2,1,2,reject,0,0,0,0,0,0,,SC_0946,C4
AB6AD814,CODER_A,2,2,2,2,2,1,2,1,2,reject,0,0,1,0,0,0,,SC_1470,C4
AB6AD814,CODER_B,1,2,2,1,1,1,2,1,1,reject,1,0,0,0,0,0,,SC_1470,C4
978779FC,CODER_A,1,2,2,2,2,2,1,3,1,reject,1,1,0,0,0,0,,SC_1993,C4
978779FC,CODER_B,2,2,2,3,2,1,2,1,2,reject,1,0,0,1,0,1,,SC_1993,C4
767A7C4A,CODER_A,1,2,2,2,1,1,2,1,2,reject,0,0,0,0,0,0,,SC_1036,C4
767A7C4A,CODER_B,2,3,1,2,1,2,1,2,2,reject,1,0,0,0,0,0,,SC_1036,C4
F77C638A,CODER_A,2,1,2,3,2,2,2,2,2,feedback_policy_testing,0,0,0,0,0,0,,SC_2219,C4
F77C638A,CODER_B,1,3,2,2,1,3,2,2,2,reject,1,0,0,0,0,1,,SC_2219,C4
438DA5A0,CODER_A,2,2,1,2,1,2,2,2,2,reject,0,1,1,1,1,0,,SC_0795,C4
438DA5A0,CODER_B,2,1,2,2,2,1,2,1,2,reject,1,0,0,1,0,1,,SC_0795,C4
3A9F282F,CODER_A,1,1,2,1,2,2,2,2,2,learning_by_teaching,1,0,0,1,1,0,,SC_0222,C4
3A9F282F,CODER_B,1,1,2,2,2,2,2,2,1,reject,1,0,0,0,0,0,,SC_0222,C4
ACC86AD6,CODER_A,1,1,2,2,2,1,2,2,1,reject,1,0,0,1,1,1,,SC_1817,C4
ACC86AD6,CODER_B,1,1,2,2,2,3,1,2,1,reject,1,0,0,1,0,1,,SC_1817,C4
571119CC,CODER_A,1,2,2,3,1,2,1,2,2,reject,1,0,0,1,0,0,,SC_1804,C4
571119CC,CODER_B,2,2,2,2,2,2,1,1,1,reject,1,0,0,1,0,0,,SC_1804,C4
670FE8BF,CODER_A,2,2,2,2,2,2,2,2,2,reject,0,0,0,1,1,0,,SC_0409,C4
670FE8BF,CODER_B,1,1,2,1,2,1,1,2,2,reject,0,0,0,0,0,1,,SC_0409,C4
4E0E2EA7,CODER_A,1,2,2,2,2,1,1,2,2,reject,1,0,1,1,0,0,,SC_2074,C4
4E0E2EA7,CODER_B,2,2,2,2,1,2,3,2,1,learning_by_teaching,1,0,0,0,0,0,,SC_2074,C4
B9274800,CODER_A,2,2,2,2,2,2,1,1,3,reject,0,1,1,1,0,1,,SC_1572,C4
B9274800,CODER_B,1,2,1,2,2,1,2,2,1,reject,1,0,0,1,0,1,,SC_1572,C4
E732D723,CODER_A,2,2,2,2,2,2,2,1,1,reject,0,0,0,1,0,0,,SC_0561,C4
E732D723,CODER_B,1,1,1,2,3,2,1,2,3,feedback_policy_testing,1,0,0,1,1,0,,SC_0561,C4
DEF23EB2,CODER_A,1,2,2,2,1,2,2,2,2,reject,1,0,0,1,0,0,,SC_0123,C4
DEF23EB2,CODER_B,2,2,2,2,1,2,2,2,1,reject,1,0,0,1,0,0,,SC_0123,C4
379B9BD2,CODER_A,2,1,1,2,2,1,3,1,1,reject,1,0,0,1,0,0,,SC_1314,C4
379B9BD2,CODER_B,2,2,3,2,2,2,2,1,2,reject,0,0,1,1,0,0,,SC_1314,C4
74C24D85,CODER_A,2,2,2,2,2,1,3,1,1,reject,1,0,1,1,0,0,,SC_0292,C4
74C24D85,CODER_B,2,1,2,3,3,3,3,1,3,reject,1,0,0,1,0,1,,SC_0292,C4
B3BE09EC,CODER_A,2,2,1,2,2,2,1,1,1,reject,0,0,0,1,0,0,,SC_2156,C4
B3BE09EC,CODER_B,1,1,2,2,2,1,2,2,2,reject,1,0,0,1,0,0,,SC_2156,C4
6D1E1C34,CODER_A,2,2,2,1,2,2,2,2,2,reject,1,0,0,0,0,0,,SC_0487,C4
6D1E1C34,CODER_B,1,1,3,2,2,2,2,1,2,feedback_policy_testing,0,0,0,1,0,0,,SC_0487,C4
C169ECB6,CODER_A,1,2,1,2,2,2,2,2,2,learning_by_teaching,1,0,0,1,0,0,,SC_0404,C4
C169ECB6,CODER_B,1,2,1,2,1,1,1,2,1,reject,0,0,1,1,0,0,,SC_0404,C4
8DBB0BEB,CODER_A,1,1,1,2,2,2,2,1,2,reject,1,0,0,1,0,1,,SC_0900,C4
8DBB0BEB,CODER_B,1,1,2,2,2,1,2,1,2,reject,1,0,0,1,0,0,,SC_0900,C4
72CDC31F,CODER_A,1,2,2,2,2,2,2,3,2,reject,1,0,0,0,0,0,,SC_1036,C4
72CDC31F,CODER_B,3,2,2,2,1,1,2,2,2,reject,0,0,0,1,0,0,,SC_1036,C4
E166A4DF,CODER_A,2,2,2,2,1,2,2,1,2,reject,0,0,0,0,0,0,,SC_1316,C4
E166A4DF,CODER_B,2,1,2,3,2,1,1,3,1,reject,0,0,0,1,0,0,,SC_1316,C4
F12506D5,CODER_A,1,2,2,2,1,2,2,2,2,reject,0,0,0,1,0,0,,SC_2219,C4
F12506D5,CODER_B,3,2,3,3,2,1,3,3,2,reject,0,0,1,1,1,1,,SC_2219,C4
AEDF81DD,CODER_A,2,1,2,2,2,2,2,1,1,reject,1,0,0,1,0,0,,SC_1959,C4
AEDF81DD,CODER_B,2,2,2,2,2,2,1,3,2,diagnostic_simulation,1,0,0,1,0,0,,SC_1959,C4
A303428D,CODER_A,1,2,2,2,1,2,2,2,2,reject,0,0,0,1,0,1,,SC_0265,C4
A303428D,CODER_B,2,1,2,1,2,1,1,2,3,reject,0,1,0,1,1,0,,SC_0265,C4
87759B79,CODER_A,1,2,3,2,2,1,2,2,2,reject,1,0,0,1,0,0,,SC_0921,C4
87759B79,CODER_B,2,3,3,1,2,2,2,1,3,diagnostic_simulation,1,0,0,0,1,0,,SC_0921,C4
E4706AD4,CODER_A,1,2,2,2,2,2,3,2,1,reject,1,0,0,0,0,0,,SC_0243,C4
E4706AD4,CODER_B,3,1,3,3,2,2,3,1,2,reject,1,0,0,1,1,1,,SC_0243,C4
00EAC513,CODER_A,2,1,2,2,2,1,3,2,1,reject,1,0,0,1,0,0,,SC_1994,C4
00EAC513,CODER_B,1,2,2,2,1,1,2,2,2,diagnostic_simulation,1,0,0,0,0,0,,SC_1994,C4
860B083C,CODER_A,1,2,2,3,2,1,2,2,2,reject,0,0,0,1,0,0,,SC_1927,C4
860B083C,CODER_B,1,2,1,2,1,1,2,2,2,reject,1,0,0,1,0,0,,SC_1927,C4
B74B29AA,CODER_A,2,2,2,2,2,1,2,1,2,feedback_policy_testing,1,0,1,1,0,0,,SC_0725,C4
B74B29AA,CODER_B,2,3,2,3,1,1,2,2,2,reject,0,0,0,1,0,0,,SC_0725,C4
D1B6CEA4,CODER_A,1,1,2,2,2,1,2,2,2,reject,1,0,0,1,0,1,,SC_2147,C4
D1B6CEA4,CODER_B,2,3,2,1,2,1,2,2,2,feedback_policy_testing,0,0,0,1,0,0,,SC_2147,C4
A8A091CD,CODER_A,2,1,2,2,2,3,2,2,1,reject,1,0,0,1,0,1,,SC_0448,C4
A8A091CD,CODER_B,1,2,1,2,2,2,2,2,3,reject,1,0,0,0,0,0,,SC_0448,C4
29AC5F26,CODER_A,2,2,2,2,2,2,2,2,2,reject,1,0,0,0,0,0,,SC_1786,C4
29AC5F26,CODER_B,2,2,2,2,3,2,2,2,2,feedback_policy_testing,0,0,0,1,0,1,,SC_1786,C4
82F4A506,CODER_A,1,2,2,3,2,2,2,2,2,reject,1,1,0,1,0,1,,SC_0195,C4
82F4A506,CODER_B,2,2,2,2,2,2,1,2,3,reject,1,1,0,1,1,0,,SC_0195,C4
C3374679,CODER_A,1,1,1,2,2,2,2,2,3,reject,0,0,0,1,0,0,,SC_0561,C4
C3374679,CODER_B,1,1,2,1,4,1,3,1,2,reject,0,0,0,0,1,0,,SC_0561,C4
4220C048,CODER_A,1,1,2,2,1,1,2,2,2,reject,1,0,0,0,0,0,,SC_0809,C4
4220C048,CODER_B,3,2,2,2,1,3,2,1,1,reject,1,0,0,1,0,1,,SC_0809,C4
E7AF6CB8,CODER_A,1,1,2,2,2,1,3,2,1,reject,1,0,0,0,0,1,,SC_1691,C4
E7AF6CB8,CODER_B,2,1,2,2,2,2,1,2,2,reject,0,0,0,1,0,0,,SC_1691,C4
08000100,CODER_A,1,1,1,2,2,2,1,2,2,reject,0,0,0,1,0,1,,SC_0014,C4
08000100,CODER_B,2,3,2,1,1,1,2,1,2,reject,1,0,0,1,0,1,,SC_0014,C4
22AEA8DB,CODER_A,2,2,2,3,2,2,2,2,2,reject,1,0,0,1,0,1,,SC_0292,C4
22AEA8DB,CODER_B,2,3,2,2,1,2,2,1,2,reject,1,1,0,1,1,0,,SC_0292,C4
919745F9,CODER_A,1,2,2,2,2,2,2,2,2,learning_by_teaching,0,0,0,1,0,1,,SC_1515,C4
919745F9,CODER_B,2,2,3,2,1,2,2,2,2,reject,1,0,0,1,0,1,,SC_1515,C4
924197E6,CODER_A,1,2,2,2,2,2,2,1,1,reject,1,0,0,0,0,1,,SC_0570,C4
924197E6,CODER_B,1,2,2,4,1,1,1,3,2,diagnostic_simulation,1,0,0,1,0,0,,SC_0570,C4
