item_id,qtype,domain,concept,difficulty,persona,model_id,model_tag,seed,demographic_context,generated_at,correct,grade_method,input_tokens,output_tokens,latency_ms,cost_usd,error
MCQ_013E5385,MCQ,python_programming,modules,,P1,gpt-4o-mini,gpt-4o-mini,42,,2026-05-19T16:47:35.815250,,ungraded,279,72,1808.1,0.000495,
MCQ_01F91B2E,MCQ,python_programming,functions,,P1,gpt-4o-mini,gpt-4o-mini,42,,2026-05-19T16:47:17.157707,,ungraded,279,53,1291.4,0.000438,
MCQ_02E5CC2A,MCQ,python_programming,functions,,P1,gpt-4o-mini,gpt-4o-mini,42,,2026-05-19T16:43:36.120885,,ungraded,279,48,1168.4,0.000423,
MCQ_039FF43D,MCQ,python_programming,dictionaries,,P1,gpt-4o-mini,gpt-4o-mini,42,,2026-05-19T16:43:59.028547,,ungraded,280,52,1354.7,0.000436,
MCQ_0444F429,MCQ,python_programming,dictionaries,,P1,gpt-4o-mini,gpt-4o-mini,42,,2026-05-19T16:47:23.890931,,ungraded,280,52,1331.6,0.000436,
MCQ_04F94CAC,MCQ,python_programming,file_io,,P1,gpt-4o-mini,gpt-4o-mini,42,,2026-05-19T16:47:34.006429,,ungraded,281,92,2508.0,0.000557,
MCQ_08C432BC,MCQ,python_programming,modules,,P1,gpt-4o-mini,gpt-4o-mini,42,,2026-05-19T16:45:00.862880,,ungraded,279,50,1568.8,0.000429,
MCQ_08CBC034,MCQ,python_programming,classes,,P1,gpt-4o-mini,gpt-4o-mini,42,,2026-05-19T16:45:57.550403,1.0,pattern_match,279,75,1998.9,0.000504,
MCQ_09788676,MCQ,python_programming,data_types,,P1,gpt-4o-mini,gpt-4o-mini,42,,2026-05-19T16:45:50.596342,,ungraded,281,34,1229.2,0.000383,
MCQ_0B173F6A,MCQ,python_programming,classes,,P1,gpt-4o-mini,gpt-4o-mini,42,,2026-05-19T16:48:57.378866,,ungraded,279,63,1576.3,0.000468,
MCQ_0D42F190,MCQ,python_programming,loops,,P1,gpt-4o-mini,gpt-4o-mini,42,,2026-05-19T16:43:37.758216,1.0,pattern_match,279,75,1636.8,0.000504,
MCQ_10945921,MCQ,python_programming,data_types,,P1,gpt-4o-mini,gpt-4o-mini,42,,2026-05-19T16:49:08.478326,1.0,pattern_match,281,78,1758.0,0.000515,
MCQ_122599F2,MCQ,python_programming,loops,,P1,gpt-4o-mini,gpt-4o-mini,42,,2026-05-19T16:47:57.050058,,ungraded,279,60,2164.9,0.000459,
MCQ_122BF5E6,MCQ,python_programming,operators,,P1,gpt-4o-mini,gpt-4o-mini,42,,2026-05-19T16:43:43.841464,,ungraded,279,76,1558.1,0.000507,
MCQ_12FB22F1,MCQ,python_programming,classes,,P1,gpt-4o-mini,gpt-4o-mini,42,,2026-05-19T16:46:53.746943,,ungraded,279,53,1534.0,0.000438,
MCQ_156241E9,MCQ,python_programming,modules,,P1,gpt-4o-mini,gpt-4o-mini,42,,2026-05-19T16:47:52.674356,1.0,pattern_match,279,81,1935.4,0.000522,
MCQ_1568DEB3,MCQ,python_programming,classes,,P1,gpt-4o-mini,gpt-4o-mini,42,,2026-05-19T16:46:18.661483,,ungraded,279,63,1617.7,0.000468,
MCQ_18859E24,MCQ,python_programming,lists,,P1,gpt-4o-mini,gpt-4o-mini,42,,2026-05-19T16:45:26.606486,,ungraded,279,68,1973.8,0.000483,
MCQ_18AA7887,MCQ,python_programming,functions,,P1,gpt-4o-mini,gpt-4o-mini,42,,2026-05-19T16:44:26.940280,,ungraded,279,46,1478.4,0.000417,
MCQ_193E7160,MCQ,python_programming,data_types,,P1,gpt-4o-mini,gpt-4o-mini,42,,2026-05-19T16:48:33.357646,1.0,pattern_match,281,82,2447.2,0.000527,
MCQ_1A2A80DA,MCQ,python_programming,modules,,P1,gpt-4o-mini,gpt-4o-mini,42,,2026-05-19T16:46:41.062138,,ungraded,279,50,1265.1,0.000429,
MCQ_1D12D2C2,MCQ,python_programming,exceptions,,P1,gpt-4o-mini,gpt-4o-mini,42,,2026-05-19T16:44:04.981836,,ungraded,279,80,1690.4,0.000519,
MCQ_1D12DDD6,MCQ,python_programming,modules,,P1,gpt-4o-mini,gpt-4o-mini,42,,2026-05-19T16:49:21.201471,,ungraded,279,57,1664.1,0.00045,
MCQ_1D8EAFFC,MCQ,python_programming,exceptions,,P1,gpt-4o-mini,gpt-4o-mini,42,,2026-05-19T16:44:57.664116,,ungraded,279,70,2007.1,0.000489,
MCQ_1FC3E81C,MCQ,python_programming,exceptions,,P1,gpt-4o-mini,gpt-4o-mini,42,,2026-05-19T16:44:22.081385,,ungraded,279,73,1629.6,0.000498,
MCQ_20C7199B,MCQ,python_programming,modules,,P1,gpt-4o-mini,gpt-4o-mini,42,,2026-05-19T16:48:45.515654,,ungraded,279,47,1405.8,0.00042,
MCQ_2215AD4C,MCQ,python_programming,exceptions,,P1,gpt-4o-mini,gpt-4o-mini,42,,2026-05-19T16:48:42.349029,1.0,pattern_match,279,82,1725.5,0.000525,
MCQ_23C1C7B8,MCQ,python_programming,loops,,P1,gpt-4o-mini,gpt-4o-mini,42,,2026-05-19T16:45:04.150633,,ungraded,279,60,1838.1,0.000459,
MCQ_241B5425,MCQ,python_programming,exceptions,,P1,gpt-4o-mini,gpt-4o-mini,42,,2026-05-19T16:46:20.886422,,ungraded,279,80,2224.1,0.000519,
MCQ_25915E48,MCQ,python_programming,lists,,P1,gpt-4o-mini,gpt-4o-mini,42,,2026-05-19T16:47:42.538555,0.0,pattern_match,279,80,1851.9,0.000519,
MCQ_27368F09,MCQ,python_programming,data_types,,P1,gpt-4o-mini,gpt-4o-mini,42,,2026-05-19T16:46:47.938845,1.0,pattern_match,281,78,3353.8,0.000515,
MCQ_28901916,MCQ,python_programming,functions,,P1,gpt-4o-mini,gpt-4o-mini,42,,2026-05-19T16:43:52.260930,,ungraded,279,48,1683.8,0.000423,
MCQ_28CE39D1,MCQ,python_programming,classes,,P1,gpt-4o-mini,gpt-4o-mini,42,,2026-05-19T16:49:15.086811,,ungraded,279,76,1673.0,0.000507,
MCQ_2910F48B,MCQ,python_programming,functions,,P1,gpt-4o-mini,gpt-4o-mini,42,,2026-05-19T16:48:48.330045,,ungraded,279,46,2813.5,0.000417,
MCQ_2B0CBE09,MCQ,python_programming,data_types,,P1,gpt-4o-mini,gpt-4o-mini,42,,2026-05-19T16:47:20.299400,1.0,pattern_match,281,78,1725.4,0.000515,
MCQ_2BF71FB8,MCQ,python_programming,classes,,P1,gpt-4o-mini,gpt-4o-mini,42,,2026-05-19T16:48:40.622755,,ungraded,279,77,1643.6,0.00051,
MCQ_327D36AC,MCQ,python_programming,dictionaries,,P1,gpt-4o-mini,gpt-4o-mini,42,,2026-05-19T16:45:09.134310,1.0,pattern_match,280,75,1751.9,0.000505,
MCQ_32F1507E,MCQ,python_programming,lists,,P1,gpt-4o-mini,gpt-4o-mini,42,,2026-05-19T16:46:31.331276,0.0,pattern_match,279,90,2076.6,0.000549,
MCQ_350EDD98,MCQ,python_programming,exceptions,,P1,gpt-4o-mini,gpt-4o-mini,42,,2026-05-19T16:46:37.779440,,ungraded,279,80,1855.2,0.000519,
MCQ_38196C21,MCQ,python_programming,file_io,,P1,gpt-4o-mini,gpt-4o-mini,42,,2026-05-19T16:46:01.598264,,ungraded,281,92,1922.4,0.000557,
MCQ_39AECF7D,MCQ,python_programming,functions,,P1,gpt-4o-mini,gpt-4o-mini,42,,2026-05-19T16:44:44.258478,,ungraded,279,75,1651.5,0.000504,
MCQ_3B1E8258,MCQ,python_programming,classes,,P1,gpt-4o-mini,gpt-4o-mini,42,,2026-05-19T16:47:47.503141,,ungraded,279,57,1462.2,0.00045,
MCQ_3EE35C2D,MCQ,python_programming,dictionaries,,P1,gpt-4o-mini,gpt-4o-mini,42,,2026-05-19T16:46:32.845855,,ungraded,280,63,1513.8,0.000469,
MCQ_3F6EFC1E,MCQ,python_programming,dictionaries,,P1,gpt-4o-mini,gpt-4o-mini,42,,2026-05-19T16:48:01.607269,,ungraded,280,48,1432.4,0.000424,
MCQ_3F83609A,MCQ,python_programming,dictionaries,,P1,gpt-4o-mini,gpt-4o-mini,42,,2026-05-19T16:47:07.075020,,ungraded,280,52,1501.0,0.000436,
MCQ_3F9950A8,MCQ,python_programming,data_types,,P1,gpt-4o-mini,gpt-4o-mini,42,,2026-05-19T16:44:13.247786,1.0,pattern_match,281,77,1482.6,0.000512,
MCQ_40558FFC,MCQ,python_programming,data_types,,P1,gpt-4o-mini,gpt-4o-mini,42,,2026-05-19T16:44:30.340350,1.0,pattern_match,281,84,1746.7,0.000533,
MCQ_43E18394,MCQ,python_programming,data_types,,P1,gpt-4o-mini,gpt-4o-mini,42,,2026-05-19T16:44:47.169591,,ungraded,281,34,1146.0,0.000383,
MCQ_447BA1CD,MCQ,python_programming,lists,,P1,gpt-4o-mini,gpt-4o-mini,42,,2026-05-19T16:47:05.573416,,ungraded,279,61,1908.5,0.000462,
MCQ_4675C4D0,MCQ,python_programming,modules,,P1,gpt-4o-mini,gpt-4o-mini,42,,2026-05-19T16:47:15.865589,1.0,pattern_match,279,80,1782.3,0.000519,
MCQ_46D4F987,MCQ,python_programming,operators,,P1,gpt-4o-mini,gpt-4o-mini,42,,2026-05-19T16:49:13.413154,,ungraded,279,63,1528.1,0.000468,
MCQ_48C4BBE5,MCQ,python_programming,classes,,P1,gpt-4o-mini,gpt-4o-mini,42,,2026-05-19T16:43:45.592632,,ungraded,279,77,1750.5,0.00051,
MCQ_4C07C331,MCQ,python_programming,operators,,P1,gpt-4o-mini,gpt-4o-mini,42,,2026-05-19T16:44:53.965590,,ungraded,279,39,1469.5,0.000396,
MCQ_4C860337,MCQ,python_programming,file_io,,P1,gpt-4o-mini,gpt-4o-mini,42,,2026-05-19T16:49:19.536755,1.0,pattern_match,281,88,2300.2,0.000545,
MCQ_4C881F3E,MCQ,python_programming,loops,,P1,gpt-4o-mini,gpt-4o-mini,42,,2026-05-19T16:44:28.592955,,ungraded,279,59,1652.1,0.000456,
MCQ_4CACDFD9,MCQ,python_programming,lists,,P1,gpt-4o-mini,gpt-4o-mini,42,,2026-05-19T16:43:57.673027,,ungraded,279,57,1740.5,0.00045,
MCQ_4D20E297,MCQ,python_programming,classes,,P1,gpt-4o-mini,gpt-4o-mini,42,,2026-05-19T16:45:12.980714,1.0,pattern_match,279,83,1830.1,0.000528,
MCQ_4E79865F,MCQ,python_programming,exceptions,,P1,gpt-4o-mini,gpt-4o-mini,42,,2026-05-19T16:47:12.100619,1.0,pattern_match,279,103,1851.1,0.000588,
MCQ_51C6425C,MCQ,python_programming,operators,,P1,gpt-4o-mini,gpt-4o-mini,42,,2026-05-19T16:45:55.550813,,ungraded,279,69,1471.1,0.000486,
MCQ_5438DBF0,MCQ,python_programming,modules,,P1,gpt-4o-mini,gpt-4o-mini,42,,2026-05-19T16:43:50.576347,,ungraded,279,78,1702.3,0.000513,
MCQ_57884E5F,MCQ,python_programming,data_types,,P1,gpt-4o-mini,gpt-4o-mini,42,,2026-05-19T16:47:03.664227,1.0,pattern_match,281,76,1656.6,0.000509,
MCQ_579B63B5,MCQ,python_programming,classes,,P1,gpt-4o-mini,gpt-4o-mini,42,,2026-05-19T16:45:32.286185,,ungraded,279,87,1877.1,0.00054,
MCQ_57B9FBB6,MCQ,python_programming,exceptions,,P1,gpt-4o-mini,gpt-4o-mini,42,,2026-05-19T16:44:38.893921,,ungraded,279,77,1512.0,0.00051,
MCQ_58E42C40,MCQ,python_programming,file_io,,P1,gpt-4o-mini,gpt-4o-mini,42,,2026-05-19T16:45:36.665086,,ungraded,281,92,2006.1,0.000557,
MCQ_5AD98C1C,MCQ,python_programming,file_io,,P1,gpt-4o-mini,gpt-4o-mini,42,,2026-05-19T16:47:14.082578,,ungraded,281,75,1981.3,0.000506,
MCQ_5D61B029,MCQ,python_programming,exceptions,,P1,gpt-4o-mini,gpt-4o-mini,42,,2026-05-19T16:45:15.307345,1.0,pattern_match,279,98,2325.9,0.000573,
MCQ_5F08ED40,MCQ,python_programming,exceptions,,P1,gpt-4o-mini,gpt-4o-mini,42,,2026-05-19T16:47:31.497680,,ungraded,279,80,1903.5,0.000519,
MCQ_5FB79545,MCQ,python_programming,file_io,,P1,gpt-4o-mini,gpt-4o-mini,42,,2026-05-19T16:46:22.738811,1.0,pattern_match,281,88,1851.5,0.000545,
MCQ_60BBD359,MCQ,python_programming,data_types,,P1,gpt-4o-mini,gpt-4o-mini,42,,2026-05-19T16:47:58.606302,,ungraded,281,34,1555.4,0.000383,
MCQ_60DE5255,MCQ,python_programming,functions,,P1,gpt-4o-mini,gpt-4o-mini,42,,2026-05-19T16:47:54.884371,,ungraded,279,54,2209.3,0.000441,
MCQ_61078FAF,MCQ,python_programming,exceptions,,P1,gpt-4o-mini,gpt-4o-mini,42,,2026-05-19T16:47:49.210810,,ungraded,279,80,1707.1,0.000519,
MCQ_628C0D1A,MCQ,python_programming,lists,,P1,gpt-4o-mini,gpt-4o-mini,42,,2026-05-19T16:46:49.464750,,ungraded,279,68,1525.1,0.000483,
MCQ_62D5EC35,MCQ,python_programming,operators,,P1,gpt-4o-mini,gpt-4o-mini,42,,2026-05-19T16:48:20.815873,,ungraded,279,63,1470.4,0.000468,
MCQ_673E25D0,MCQ,python_programming,operators,,P1,gpt-4o-mini,gpt-4o-mini,42,,2026-05-19T16:47:25.663831,1.0,pattern_match,279,76,1772.0,0.000507,
MCQ_67F76E8A,MCQ,python_programming,file_io,,P1,gpt-4o-mini,gpt-4o-mini,42,,2026-05-19T16:44:07.102215,1.0,pattern_match,281,84,2119.5,0.000533,
MCQ_68F8EDEA,MCQ,python_programming,modules,,P1,gpt-4o-mini,gpt-4o-mini,42,,2026-05-19T16:48:27.812666,,ungraded,279,40,1179.1,0.000399,
MCQ_69C6D78D,MCQ,python_programming,lists,,P1,gpt-4o-mini,gpt-4o-mini,42,,2026-05-19T16:49:10.436492,1.0,pattern_match,279,75,1957.2,0.000504,
MCQ_69D80871,MCQ,python_programming,operators,,P1,gpt-4o-mini,gpt-4o-mini,42,,2026-05-19T16:45:11.149856,,ungraded,279,69,2014.9,0.000486,
MCQ_6B0E5217,MCQ,python_programming,exceptions,,P1,gpt-4o-mini,gpt-4o-mini,42,,2026-05-19T16:45:59.675149,,ungraded,279,87,2123.9,0.00054,
MCQ_6B44A514,MCQ,python_programming,file_io,,P1,gpt-4o-mini,gpt-4o-mini,42,,2026-05-19T16:44:59.292840,,ungraded,281,75,1627.9,0.000506,
MCQ_6C494BBF,MCQ,python_programming,functions,,P1,gpt-4o-mini,gpt-4o-mini,42,,2026-05-19T16:49:05.000807,,ungraded,279,52,1691.6,0.000435,
MCQ_6F550570,MCQ,python_programming,loops,,P1,gpt-4o-mini,gpt-4o-mini,42,,2026-05-19T16:45:49.366575,,ungraded,279,48,1400.6,0.000423,
MCQ_73C2B555,MCQ,python_programming,operators,,P1,gpt-4o-mini,gpt-4o-mini,42,,2026-05-19T16:46:34.476824,,ungraded,279,82,1630.2,0.000525,
MCQ_759784E4,MCQ,python_programming,functions,,P1,gpt-4o-mini,gpt-4o-mini,42,,2026-05-19T16:47:37.392756,,ungraded,279,48,1576.7,0.000423,
MCQ_75D1EA90,MCQ,python_programming,exceptions,,P1,gpt-4o-mini,gpt-4o-mini,42,,2026-05-19T16:48:59.763076,1.0,pattern_match,279,99,2383.1,0.000576,
MCQ_76B7D893,MCQ,python_programming,dictionaries,,P1,gpt-4o-mini,gpt-4o-mini,42,,2026-05-19T16:45:28.626937,,ungraded,280,52,2019.7,0.000436,
MCQ_76DAD7A1,MCQ,python_programming,lists,,P1,gpt-4o-mini,gpt-4o-mini,42,,2026-05-19T16:47:22.558743,1.0,pattern_match,279,86,2258.5,0.000537,
MCQ_779F540E,MCQ,python_programming,dictionaries,,P1,gpt-4o-mini,gpt-4o-mini,42,,2026-05-19T16:43:42.282738,,ungraded,280,52,1642.5,0.000436,
MCQ_7823149A,MCQ,python_programming,data_types,,P1,gpt-4o-mini,gpt-4o-mini,42,,2026-05-19T16:48:51.083089,,ungraded,281,34,1196.4,0.000383,
MCQ_7843F341,MCQ,python_programming,classes,,P1,gpt-4o-mini,gpt-4o-mini,42,,2026-05-19T16:47:29.593597,,ungraded,279,75,3929.1,0.000504,
MCQ_7926A485,MCQ,python_programming,operators,,P1,gpt-4o-mini,gpt-4o-mini,42,,2026-05-19T16:46:52.212244,,ungraded,279,63,1440.3,0.000468,
MCQ_7B4AAEE0,MCQ,python_programming,modules,,P1,gpt-4o-mini,gpt-4o-mini,42,,2026-05-19T16:46:03.214126,,ungraded,279,53,1615.2,0.000438,
MCQ_7E96D378,MCQ,python_programming,operators,,P1,gpt-4o-mini,gpt-4o-mini,42,,2026-05-19T16:46:17.043143,1.0,pattern_match,279,87,2460.9,0.00054,
MCQ_7EEEB567,MCQ,python_programming,data_types,,P1,gpt-4o-mini,gpt-4o-mini,42,,2026-05-19T16:47:40.686010,1.0,pattern_match,281,84,1911.0,0.000533,
MCQ_8122144B,MCQ,python_programming,dictionaries,,P1,gpt-4o-mini,gpt-4o-mini,42,,2026-05-19T16:44:33.848653,,ungraded,280,63,1948.9,0.000469,
MCQ_82222B6A,MCQ,python_programming,modules,,P1,gpt-4o-mini,gpt-4o-mini,42,,2026-05-19T16:45:38.781892,,ungraded,279,51,2115.9,0.000432,
MCQ_822AFE6A,MCQ,python_programming,loops,,P1,gpt-4o-mini,gpt-4o-mini,42,,2026-05-19T16:48:14.004433,,ungraded,279,60,1619.4,0.000459,
MCQ_83627951,MCQ,python_programming,exceptions,,P1,gpt-4o-mini,gpt-4o-mini,42,,2026-05-19T16:43:47.322445,,ungraded,279,80,1728.9,0.000519,
MCQ_83862C97,MCQ,python_programming,operators,,P1,gpt-4o-mini,gpt-4o-mini,42,,2026-05-19T16:48:38.978383,1.0,pattern_match,279,77,1764.3,0.00051,
MCQ_841547A4,MCQ,python_programming,data_types,,P1,gpt-4o-mini,gpt-4o-mini,42,,2026-05-19T16:45:05.736348,1.0,pattern_match,281,76,1585.1,0.000509,
MCQ_84832CA0,MCQ,python_programming,operators,,P1,gpt-4o-mini,gpt-4o-mini,42,,2026-05-19T16:47:08.629695,,ungraded,279,50,1554.0,0.000429,
MCQ_85A9A14D,MCQ,python_programming,loops,,P1,gpt-4o-mini,gpt-4o-mini,42,,2026-05-19T16:44:46.023094,,ungraded,279,62,1764.0,0.000465,
MCQ_8657A4F2,MCQ,python_programming,loops,,P1,gpt-4o-mini,gpt-4o-mini,42,,2026-05-19T16:47:02.006850,1.0,pattern_match,279,65,1850.6,0.000474,
MCQ_867C0A69,MCQ,python_programming,file_io,,P1,gpt-4o-mini,gpt-4o-mini,42,,2026-05-19T16:46:39.796406,,ungraded,281,76,2015.9,0.000509,
MCQ_88C9FCA7,MCQ,python_programming,lists,,P1,gpt-4o-mini,gpt-4o-mini,42,,2026-05-19T16:45:52.021153,,ungraded,279,50,1424.1,0.000429,
MCQ_893C6B67,MCQ,python_programming,operators,,P1,gpt-4o-mini,gpt-4o-mini,42,,2026-05-19T16:45:30.408249,,ungraded,279,63,1780.6,0.000468,
MCQ_89D44818,MCQ,python_programming,classes,,P1,gpt-4o-mini,gpt-4o-mini,42,,2026-05-19T16:48:05.667614,1.0,pattern_match,279,80,2312.3,0.000519,
MCQ_8AFB933F,MCQ,python_programming,modules,,P1,gpt-4o-mini,gpt-4o-mini,42,,2026-05-19T16:43:34.951935,1.0,pattern_match,279,83,1807.7,0.000528,
MCQ_8C5970AA,MCQ,python_programming,loops,,P1,gpt-4o-mini,gpt-4o-mini,42,,2026-05-19T16:47:18.573348,,ungraded,279,59,1414.9,0.000456,
MCQ_8F8B9DDB,MCQ,python_programming,file_io,,P1,gpt-4o-mini,gpt-4o-mini,42,,2026-05-19T16:44:40.596525,1.0,pattern_match,281,84,1701.8,0.000533,
MCQ_9068888E,MCQ,python_programming,classes,,P1,gpt-4o-mini,gpt-4o-mini,42,,2026-05-19T16:44:37.381340,,ungraded,279,71,1417.5,0.000492,
MCQ_93A7EE5F,MCQ,python_programming,operators,,P1,gpt-4o-mini,gpt-4o-mini,42,,2026-05-19T16:44:01.401908,1.0,pattern_match,279,86,2372.5,0.000537,
MCQ_94FC1FC0,MCQ,python_programming,exceptions,,P1,gpt-4o-mini,gpt-4o-mini,42,,2026-05-19T16:49:17.235931,1.0,pattern_match,279,86,2148.5,0.000537,
MCQ_9646CC9C,MCQ,python_programming,modules,,P1,gpt-4o-mini,gpt-4o-mini,42,,2026-05-19T16:49:03.308703,,ungraded,279,53,1578.6,0.000438,
MCQ_977EB656,MCQ,python_programming,lists,,P1,gpt-4o-mini,gpt-4o-mini,42,,2026-05-19T16:48:52.727716,,ungraded,279,85,1643.9,0.000534,
MCQ_97A48B1F,MCQ,python_programming,dictionaries,,P1,gpt-4o-mini,gpt-4o-mini,42,,2026-05-19T16:46:14.581678,,ungraded,280,52,1423.5,0.000436,
MCQ_999D9B8E,MCQ,python_programming,data_types,,P1,gpt-4o-mini,gpt-4o-mini,42,,2026-05-19T16:46:11.748638,,ungraded,281,38,5010.8,0.000395,
MCQ_9A51471B,MCQ,python_programming,file_io,,P1,gpt-4o-mini,gpt-4o-mini,42,,2026-05-19T16:48:09.719153,1.0,pattern_match,281,91,1808.1,0.000554,
MCQ_9AE54B44,MCQ,python_programming,modules,,P1,gpt-4o-mini,gpt-4o-mini,42,,2026-05-19T16:46:58.803588,,ungraded,279,50,1272.1,0.000429,
MCQ_9C6D290D,MCQ,python_programming,loops,,P1,gpt-4o-mini,gpt-4o-mini,42,,2026-05-19T16:44:11.764493,1.0,pattern_match,279,75,1643.7,0.000504,
MCQ_9D2D5C8E,MCQ,python_programming,operators,,P1,gpt-4o-mini,gpt-4o-mini,42,,2026-05-19T16:44:18.921247,1.0,pattern_match,279,88,2011.9,0.000543,
MCQ_9E0E4EB3,MCQ,python_programming,dictionaries,,P1,gpt-4o-mini,gpt-4o-mini,42,,2026-05-19T16:46:50.771306,,ungraded,280,47,1305.8,0.000421,
MCQ_9E8440D4,MCQ,python_programming,classes,,P1,gpt-4o-mini,gpt-4o-mini,42,,2026-05-19T16:48:22.595673,1.0,pattern_match,279,80,1778.9,0.000519,
MCQ_A023151A,MCQ,python_programming,functions,,P1,gpt-4o-mini,gpt-4o-mini,42,,2026-05-19T16:48:29.284238,,ungraded,279,48,1470.9,0.000423,
MCQ_A080A529,MCQ,python_programming,dictionaries,,P1,gpt-4o-mini,gpt-4o-mini,42,,2026-05-19T16:45:54.079169,,ungraded,280,77,2057.2,0.000511,
MCQ_A1BACBAC,MCQ,python_programming,functions,,P1,gpt-4o-mini,gpt-4o-mini,42,,2026-05-19T16:47:00.155126,,ungraded,279,48,1350.9,0.000423,
MCQ_A2A21BF9,MCQ,python_programming,modules,,P1,gpt-4o-mini,gpt-4o-mini,42,,2026-05-19T16:48:10.863155,,ungraded,279,33,1143.3,0.000378,
MCQ_A3EEA166,MCQ,python_programming,modules,,P1,gpt-4o-mini,gpt-4o-mini,42,,2026-05-19T16:44:08.814644,,ungraded,279,89,1711.6,0.000546,
MCQ_A8B7B0EB,MCQ,python_programming,lists,,P1,gpt-4o-mini,gpt-4o-mini,42,,2026-05-19T16:45:07.381742,0.0,pattern_match,279,80,1644.9,0.000519,
MCQ_A8E8A360,MCQ,python_programming,functions,,P1,gpt-4o-mini,gpt-4o-mini,42,,2026-05-19T16:46:25.844538,,ungraded,279,48,1364.1,0.000423,
MCQ_AA99518C,MCQ,python_programming,dictionaries,,P1,gpt-4o-mini,gpt-4o-mini,42,,2026-05-19T16:47:44.464006,,ungraded,280,49,1924.7,0.000427,
MCQ_AADD1A58,MCQ,python_programming,file_io,,P1,gpt-4o-mini,gpt-4o-mini,42,,2026-05-19T16:47:50.738198,,ungraded,281,64,1526.7,0.000473,
MCQ_AF1C8959,MCQ,python_programming,lists,,P1,gpt-4o-mini,gpt-4o-mini,42,,2026-05-19T16:44:48.615156,,ungraded,279,50,1444.9,0.000429,
MCQ_AF6B7E8E,MCQ,python_programming,exceptions,,P1,gpt-4o-mini,gpt-4o-mini,42,,2026-05-19T16:43:30.908726,1.0,pattern_match,279,76,1889.1,0.000507,
MCQ_B3381D30,MCQ,python_programming,exceptions,,P1,gpt-4o-mini,gpt-4o-mini,42,,2026-05-19T16:46:55.379735,,ungraded,279,80,1631.9,0.000519,
MCQ_B46D4953,MCQ,python_programming,operators,,P1,gpt-4o-mini,gpt-4o-mini,42,,2026-05-19T16:48:03.354697,1.0,pattern_match,279,76,1746.8,0.000507,
MCQ_B8A57CDC,MCQ,python_programming,classes,,P1,gpt-4o-mini,gpt-4o-mini,42,,2026-05-19T16:44:03.290790,1.0,pattern_match,279,71,1888.3,0.000492,
MCQ_BAAD06E6,MCQ,python_programming,dictionaries,,P1,gpt-4o-mini,gpt-4o-mini,42,,2026-05-19T16:49:11.884309,,ungraded,280,50,1446.9,0.00043,
MCQ_BC7408EC,MCQ,python_programming,data_types,,P1,gpt-4o-mini,gpt-4o-mini,42,,2026-05-19T16:48:15.839756,1.0,pattern_match,281,78,1834.5,0.000515,
MCQ_BEC61B81,MCQ,python_programming,functions,,P1,gpt-4o-mini,gpt-4o-mini,42,,2026-05-19T16:45:21.357384,,ungraded,279,48,1336.2,0.000423,
MCQ_BF487577,MCQ,python_programming,dictionaries,,P1,gpt-4o-mini,gpt-4o-mini,42,,2026-05-19T16:44:52.495426,,ungraded,280,62,3879.6,0.000466,
MCQ_BF8E6EA5,MCQ,python_programming,loops,,P1,gpt-4o-mini,gpt-4o-mini,42,,2026-05-19T16:48:30.909833,1.0,pattern_match,279,80,1624.7,0.000519,
MCQ_BFDA033B,MCQ,python_programming,lists,,P1,gpt-4o-mini,gpt-4o-mini,42,,2026-05-19T16:48:17.332386,1.0,pattern_match,279,61,1491.1,0.000462,
MCQ_C183F6B1,MCQ,python_programming,modules,,P1,gpt-4o-mini,gpt-4o-mini,42,,2026-05-19T16:46:24.479800,1.0,pattern_match,279,84,1740.4,0.000531,
MCQ_C43B28E7,MCQ,python_programming,loops,,P1,gpt-4o-mini,gpt-4o-mini,42,,2026-05-19T16:46:06.737160,,ungraded,279,48,2169.8,0.000423,
MCQ_C4ACB60A,MCQ,python_programming,functions,,P1,gpt-4o-mini,gpt-4o-mini,42,,2026-05-19T16:48:12.384079,,ungraded,279,53,1519.5,0.000438,
MCQ_C5AF5DCA,MCQ,python_programming,operators,,P1,gpt-4o-mini,gpt-4o-mini,42,,2026-05-19T16:48:55.801354,1.0,pattern_match,279,78,1747.6,0.000513,
MCQ_C9B979B8,MCQ,python_programming,loops,,P1,gpt-4o-mini,gpt-4o-mini,42,,2026-05-19T16:45:22.749118,,ungraded,279,62,1391.1,0.000465,
MCQ_C9D2EB36,MCQ,python_programming,data_types,,P1,gpt-4o-mini,gpt-4o-mini,42,,2026-05-19T16:45:24.632015,,ungraded,281,34,1882.3,0.000383,
MCQ_CA4DF8B5,MCQ,python_programming,file_io,,P1,gpt-4o-mini,gpt-4o-mini,42,,2026-05-19T16:43:48.873149,1.0,pattern_match,281,84,1550.0,0.000533,
MCQ_CEAB9241,MCQ,python_programming,data_types,,P1,gpt-4o-mini,gpt-4o-mini,42,,2026-05-19T16:43:39.063101,,ungraded,281,34,1304.4,0.000383,
MCQ_CF5E6845,MCQ,python_programming,functions,,P1,gpt-4o-mini,gpt-4o-mini,42,,2026-05-19T16:44:10.120002,,ungraded,279,48,1304.7,0.000423,
MCQ_D0549E51,MCQ,python_programming,functions,,P1,gpt-4o-mini,gpt-4o-mini,42,,2026-05-19T16:46:43.053950,,ungraded,279,44,1991.3,0.000411,
MCQ_D126EA80,MCQ,python_programming,lists,,P1,gpt-4o-mini,gpt-4o-mini,42,,2026-05-19T16:44:14.893790,,ungraded,279,73,1645.3,0.000498,
MCQ_D153EF80,MCQ,python_programming,modules,,P1,gpt-4o-mini,gpt-4o-mini,42,,2026-05-19T16:44:25.461302,,ungraded,279,50,1621.5,0.000429,
MCQ_D21A6A46,MCQ,python_programming,file_io,,P1,gpt-4o-mini,gpt-4o-mini,42,,2026-05-19T16:43:33.143570,1.0,pattern_match,281,88,2234.1,0.000545,
MCQ_D2E7C60A,MCQ,python_programming,loops,,P1,gpt-4o-mini,gpt-4o-mini,42,,2026-05-19T16:47:38.773943,,ungraded,279,50,1380.6,0.000429,
MCQ_D3418A01,MCQ,python_programming,lists,,P1,gpt-4o-mini,gpt-4o-mini,42,,2026-05-19T16:44:31.898849,,ungraded,279,59,1557.9,0.000456,
MCQ_D41CDD1F,MCQ,python_programming,file_io,,P1,gpt-4o-mini,gpt-4o-mini,42,,2026-05-19T16:48:26.632766,1.0,pattern_match,281,81,2023.8,0.000524,
MCQ_D46E0AFF,MCQ,python_programming,exceptions,,P1,gpt-4o-mini,gpt-4o-mini,42,,2026-05-19T16:48:07.910522,1.0,pattern_match,279,88,2241.8,0.000543,
MCQ_D73D5648,MCQ,python_programming,loops,,P1,gpt-4o-mini,gpt-4o-mini,42,,2026-05-19T16:48:49.886160,1.0,pattern_match,279,75,1555.2,0.000504,
MCQ_D767C7D4,MCQ,python_programming,loops,,P1,gpt-4o-mini,gpt-4o-mini,42,,2026-05-19T16:46:44.584556,,ungraded,279,64,1530.0,0.000471,
MCQ_D7D54EBE,MCQ,python_programming,loops,,P1,gpt-4o-mini,gpt-4o-mini,42,,2026-05-19T16:46:27.409304,,ungraded,279,65,1564.1,0.000474,
MCQ_D8991C79,MCQ,python_programming,functions,,P1,gpt-4o-mini,gpt-4o-mini,42,,2026-05-19T16:46:04.566767,,ungraded,279,44,1351.9,0.000411,
MCQ_DBD86A88,MCQ,python_programming,data_types,,P1,gpt-4o-mini,gpt-4o-mini,42,,2026-05-19T16:43:55.931541,1.0,pattern_match,281,76,1959.4,0.000509,
MCQ_DE4BC6D8,MCQ,python_programming,operators,,P1,gpt-4o-mini,gpt-4o-mini,42,,2026-05-19T16:44:35.963223,1.0,pattern_match,279,97,2114.0,0.00057,
MCQ_DEC98591,MCQ,python_programming,modules,,P1,gpt-4o-mini,gpt-4o-mini,42,,2026-05-19T16:45:20.020675,,ungraded,279,73,2121.4,0.000498,
MCQ_DF356201,MCQ,python_programming,file_io,,P1,gpt-4o-mini,gpt-4o-mini,42,,2026-05-19T16:46:57.530793,1.0,pattern_match,281,77,2150.4,0.000512,
MCQ_E0C72DB0,MCQ,python_programming,functions,,P1,gpt-4o-mini,gpt-4o-mini,42,,2026-05-19T16:45:02.311721,,ungraded,279,50,1448.2,0.000429,
MCQ_E3AC433B,MCQ,python_programming,classes,,P1,gpt-4o-mini,gpt-4o-mini,42,,2026-05-19T16:44:55.656322,,ungraded,279,86,1689.9,0.000537,
MCQ_E4A22990,MCQ,python_programming,exceptions,,P1,gpt-4o-mini,gpt-4o-mini,42,,2026-05-19T16:45:34.658165,,ungraded,279,76,2371.1,0.000507,
MCQ_E89C7FA5,MCQ,python_programming,file_io,,P1,gpt-4o-mini,gpt-4o-mini,42,,2026-05-19T16:48:44.109269,1.0,pattern_match,281,91,1759.3,0.000554,
MCQ_E98AA9E9,MCQ,python_programming,dictionaries,,P1,gpt-4o-mini,gpt-4o-mini,42,,2026-05-19T16:44:16.908866,,ungraded,280,77,2014.5,0.000511,
MCQ_EA78E700,MCQ,python_programming,data_types,,P1,gpt-4o-mini,gpt-4o-mini,42,,2026-05-19T16:46:29.253779,1.0,pattern_match,281,78,1843.8,0.000515,
MCQ_EB50AE4E,MCQ,python_programming,classes,,P1,gpt-4o-mini,gpt-4o-mini,42,,2026-05-19T16:44:20.451091,1.0,pattern_match,279,72,1528.8,0.000495,
MCQ_EB92D2AA,MCQ,python_programming,dictionaries,,P1,gpt-4o-mini,gpt-4o-mini,42,,2026-05-19T16:48:19.344803,,ungraded,280,50,2011.8,0.00043,
MCQ_EE60D33A,MCQ,python_programming,file_io,,P1,gpt-4o-mini,gpt-4o-mini,42,,2026-05-19T16:49:01.729518,,ungraded,281,92,1965.6,0.000557,
MCQ_EF8EAB78,MCQ,python_programming,operators,,P1,gpt-4o-mini,gpt-4o-mini,42,,2026-05-19T16:47:46.040214,,ungraded,279,63,1575.4,0.000468,
MCQ_F1A3CBAC,MCQ,python_programming,functions,,P1,gpt-4o-mini,gpt-4o-mini,42,,2026-05-19T16:45:47.965059,,ungraded,279,53,9182.4,0.000438,
MCQ_F1A5FD4F,MCQ,python_programming,lists,,P1,gpt-4o-mini,gpt-4o-mini,42,,2026-05-19T16:46:13.157531,,ungraded,279,54,1408.3,0.000441,
MCQ_F35D65BB,MCQ,python_programming,file_io,,P1,gpt-4o-mini,gpt-4o-mini,42,,2026-05-19T16:44:23.838881,1.0,pattern_match,281,86,1756.8,0.000539,
MCQ_F3751949,MCQ,python_programming,loops,,P1,gpt-4o-mini,gpt-4o-mini,42,,2026-05-19T16:49:06.719531,,ungraded,279,90,1717.8,0.000549,
MCQ_F4B4E073,MCQ,python_programming,lists,,P1,gpt-4o-mini,gpt-4o-mini,42,,2026-05-19T16:48:35.526018,,ungraded,279,50,2167.7,0.000429,
MCQ_F982F5CB,MCQ,python_programming,lists,,P1,gpt-4o-mini,gpt-4o-mini,42,,2026-05-19T16:43:40.639713,,ungraded,279,59,1575.6,0.000456,
MCQ_FA160E72,MCQ,python_programming,modules,,P1,gpt-4o-mini,gpt-4o-mini,42,,2026-05-19T16:44:42.606154,,ungraded,279,103,2009.1,0.000588,
MCQ_FA1EB184,MCQ,python_programming,loops,,P1,gpt-4o-mini,gpt-4o-mini,42,,2026-05-19T16:43:53.971354,,ungraded,279,68,1709.7,0.000483,
MCQ_FA58CF0C,MCQ,python_programming,classes,,P1,gpt-4o-mini,gpt-4o-mini,42,,2026-05-19T16:46:35.922591,,ungraded,279,48,1445.2,0.000423,
MCQ_FC1BC7A9,MCQ,python_programming,exceptions,,P1,gpt-4o-mini,gpt-4o-mini,42,,2026-05-19T16:48:24.608250,,ungraded,279,73,2012.0,0.000498,
MCQ_FC9AA6B7,MCQ,python_programming,classes,,P1,gpt-4o-mini,gpt-4o-mini,42,,2026-05-19T16:47:10.248726,,ungraded,279,71,1618.2,0.000492,
MCQ_FD096B41,MCQ,python_programming,dictionaries,,P1,gpt-4o-mini,gpt-4o-mini,42,,2026-05-19T16:48:37.213556,,ungraded,280,71,1686.4,0.000493,
MCQ_FD41BF5A,MCQ,python_programming,lists,,P1,gpt-4o-mini,gpt-4o-mini,42,,2026-05-19T16:48:00.174246,,ungraded,279,68,1566.9,0.000483,
MCQ_FD567263,MCQ,python_programming,dictionaries,,P1,gpt-4o-mini,gpt-4o-mini,42,,2026-05-19T16:48:54.052907,,ungraded,280,53,1324.5,0.000439,
MCQ_FDBD4579,MCQ,python_programming,file_io,,P1,gpt-4o-mini,gpt-4o-mini,42,,2026-05-19T16:45:17.898433,,ungraded,281,76,2590.3,0.000509,
MCQ_math_007C34B6,MCQ,mathematics,percentages,,P1,gpt-4o-mini,gpt-4o-mini,42,,2026-05-19T16:59:25.985219,1.0,pattern_match,288,77,1947.7,0.000519,
MCQ_math_0394FAF8,MCQ,mathematics,fractions,,P1,gpt-4o-mini,gpt-4o-mini,42,,2026-05-19T16:57:58.402580,1.0,pattern_match,288,82,1500.1,0.000534,
MCQ_math_03DFE3ED,MCQ,mathematics,multi_step,,P1,gpt-4o-mini,gpt-4o-mini,42,,2026-05-19T16:59:36.534930,1.0,pattern_match,289,83,1669.2,0.000538,
MCQ_math_04A1EEE2,MCQ,mathematics,arithmetic,medium,P1,gpt-4o-mini,gpt-4o-mini,42,,2026-05-19T16:49:29.184644,1.0,pattern_match,325,191,3000.5,0.000898,
MCQ_math_05D905B3,MCQ,mathematics,geometry,,P1,gpt-4o-mini,gpt-4o-mini,42,,2026-05-19T16:58:36.351162,,ungraded,287,78,3621.6,0.000521,
MCQ_math_05F5E338,MCQ,mathematics,percentages,,P1,gpt-4o-mini,gpt-4o-mini,42,,2026-05-19T16:57:35.622686,1.0,pattern_match,288,72,1876.9,0.000504,
MCQ_math_06CB5B0B,MCQ,mathematics,algebra,,P1,gpt-4o-mini,gpt-4o-mini,42,,2026-05-19T16:55:42.973582,0.0,pattern_match,288,82,1804.5,0.000534,
MCQ_math_078A284B,MCQ,mathematics,geometry,,P1,gpt-4o-mini,gpt-4o-mini,42,,2026-05-19T17:00:09.291523,1.0,pattern_match,287,82,2888.2,0.000533,
MCQ_math_07AD216C,MCQ,mathematics,algebra,,P1,gpt-4o-mini,gpt-4o-mini,42,,2026-05-19T16:57:00.590028,1.0,pattern_match,288,76,1613.9,0.000516,
MCQ_math_0858D339,MCQ,mathematics,percentages,,P1,gpt-4o-mini,gpt-4o-mini,42,,2026-05-19T16:55:37.681671,,ungraded,288,60,2042.1,0.000468,
MCQ_math_09A28BB3,MCQ,mathematics,arithmetic,easy,P1,gpt-4o-mini,gpt-4o-mini,42,,2026-05-19T16:52:37.315092,1.0,pattern_match,307,187,4295.9,0.000868,
MCQ_math_0ADC0F71,MCQ,mathematics,geometry,,P1,gpt-4o-mini,gpt-4o-mini,42,,2026-05-19T16:54:20.285012,1.0,pattern_match,287,91,1903.9,0.00056,
MCQ_math_0AF9423F,MCQ,mathematics,geometry,,P1,gpt-4o-mini,gpt-4o-mini,42,,2026-05-19T16:58:48.694183,1.0,pattern_match,287,70,1580.2,0.000497,
MCQ_math_0B655E31,MCQ,mathematics,fractions,,P1,gpt-4o-mini,gpt-4o-mini,42,,2026-05-19T16:57:30.491993,1.0,pattern_match,288,80,1505.3,0.000528,
MCQ_math_0CDEB5A6,MCQ,mathematics,multi_step,easy,P1,gpt-4o-mini,gpt-4o-mini,42,,2026-05-19T16:51:37.261564,1.0,pattern_match,305,164,2441.6,0.000797,
MCQ_math_0CE0B269,MCQ,mathematics,algebra,,P1,gpt-4o-mini,gpt-4o-mini,42,,2026-05-19T16:54:18.379764,1.0,pattern_match,288,75,1637.1,0.000513,
MCQ_math_0D17F84A,MCQ,mathematics,fractions,,P1,gpt-4o-mini,gpt-4o-mini,42,,2026-05-19T16:55:03.833388,1.0,pattern_match,288,72,1734.8,0.000504,
MCQ_math_0D6017DE,MCQ,mathematics,geometry,,P1,gpt-4o-mini,gpt-4o-mini,42,,2026-05-19T16:55:25.730004,,ungraded,287,59,1393.9,0.000464,
MCQ_math_0D88DADC,MCQ,mathematics,fractions,easy,P1,gpt-4o-mini,gpt-4o-mini,42,,2026-05-19T16:49:31.596742,1.0,pattern_match,319,123,2411.3,0.000688,
MCQ_math_0EE68E2C,MCQ,mathematics,fractions,,P1,gpt-4o-mini,gpt-4o-mini,42,,2026-05-19T16:58:23.248432,1.0,pattern_match,288,77,1808.0,0.000519,
MCQ_math_0FD970C4,MCQ,mathematics,multi_step,medium,P1,gpt-4o-mini,gpt-4o-mini,42,,2026-05-19T16:49:44.951699,1.0,pattern_match,334,128,2233.9,0.000718,
MCQ_math_1066A6B6,MCQ,mathematics,algebra,,P1,gpt-4o-mini,gpt-4o-mini,42,,2026-05-19T17:00:06.402461,1.0,pattern_match,288,76,1784.8,0.000516,
MCQ_math_10715E89,MCQ,mathematics,multi_step,,P1,gpt-4o-mini,gpt-4o-mini,42,,2026-05-19T16:58:21.439805,1.0,pattern_match,289,67,1489.9,0.00049,
MCQ_math_1158225E,MCQ,mathematics,percentages,,P1,gpt-4o-mini,gpt-4o-mini,42,,2026-05-19T16:58:19.949150,1.0,pattern_match,288,76,1604.8,0.000516,
MCQ_math_1249EDD2,MCQ,mathematics,arithmetic,medium,P1,gpt-4o-mini,gpt-4o-mini,42,,2026-05-19T16:52:07.336420,1.0,pattern_match,332,144,2481.3,0.000764,
MCQ_math_130D8E71,MCQ,mathematics,arithmetic,easy,P1,gpt-4o-mini,gpt-4o-mini,42,,2026-05-19T16:52:02.118826,0.0,pattern_match,334,156,2451.8,0.000802,
MCQ_math_139B69F5,MCQ,mathematics,multi_step,,P1,gpt-4o-mini,gpt-4o-mini,42,,2026-05-19T17:00:13.187080,1.0,pattern_match,289,85,1925.1,0.000544,
MCQ_math_13EE2386,MCQ,mathematics,multi_step,,P1,gpt-4o-mini,gpt-4o-mini,42,,2026-05-19T16:54:53.530092,1.0,pattern_match,289,91,1766.3,0.000562,
MCQ_math_167836AB,MCQ,mathematics,multi_step,,P1,gpt-4o-mini,gpt-4o-mini,42,,2026-05-19T16:58:04.928838,1.0,pattern_match,289,74,1574.6,0.000511,
MCQ_math_1771C7DF,MCQ,mathematics,fractions,medium,P1,gpt-4o-mini,gpt-4o-mini,42,,2026-05-19T16:53:54.463726,1.0,pattern_match,303,127,2155.0,0.000684,
MCQ_math_18C73075,MCQ,mathematics,algebra,,P1,gpt-4o-mini,gpt-4o-mini,42,,2026-05-19T16:55:05.445104,1.0,pattern_match,288,75,1610.4,0.000513,
MCQ_math_194F2BF1,MCQ,mathematics,algebra,,P1,gpt-4o-mini,gpt-4o-mini,42,,2026-05-19T16:57:40.855218,1.0,pattern_match,288,75,1686.6,0.000513,
MCQ_math_19D05EE3,MCQ,mathematics,arithmetic,easy,P1,gpt-4o-mini,gpt-4o-mini,42,,2026-05-19T16:50:06.093106,1.0,pattern_match,341,141,2644.6,0.000764,
MCQ_math_19F2FFC0,MCQ,mathematics,percentages,easy,P1,gpt-4o-mini,gpt-4o-mini,42,,2026-05-19T16:53:00.248483,1.0,pattern_match,342,137,2153.9,0.000753,
MCQ_math_1B7FB0BF,MCQ,mathematics,arithmetic,medium,P1,gpt-4o-mini,gpt-4o-mini,42,,2026-05-19T16:51:26.798544,1.0,pattern_match,335,134,2574.0,0.000737,
MCQ_math_1BC4A42B,MCQ,mathematics,multi_step,medium,P1,gpt-4o-mini,gpt-4o-mini,42,,2026-05-19T16:53:09.954580,1.0,pattern_match,335,200,3175.9,0.000935,
MCQ_math_1CA310C8,MCQ,mathematics,multi_step,,P1,gpt-4o-mini,gpt-4o-mini,42,,2026-05-19T16:56:39.384302,1.0,pattern_match,289,72,1345.1,0.000505,
MCQ_math_1F6B206A,MCQ,mathematics,geometry,,P1,gpt-4o-mini,gpt-4o-mini,42,,2026-05-19T16:56:01.469952,1.0,pattern_match,287,70,1428.9,0.000497,
MCQ_math_20388C2F,MCQ,mathematics,fractions,medium,P1,gpt-4o-mini,gpt-4o-mini,42,,2026-05-19T16:51:40.344380,1.0,pattern_match,345,155,3081.9,0.00081,
MCQ_math_2079EEC6,MCQ,mathematics,geometry,,P1,gpt-4o-mini,gpt-4o-mini,42,,2026-05-19T16:58:18.343511,1.0,pattern_match,287,70,1522.7,0.000497,
MCQ_math_20DD5D96,MCQ,mathematics,percentages,,P1,gpt-4o-mini,gpt-4o-mini,42,,2026-05-19T16:58:03.353607,1.0,pattern_match,288,98,1881.5,0.000582,
MCQ_math_2186853F,MCQ,mathematics,geometry,,P1,gpt-4o-mini,gpt-4o-mini,42,,2026-05-19T16:56:53.361552,1.0,pattern_match,287,70,1757.6,0.000497,
MCQ_math_21D68574,MCQ,mathematics,arithmetic,medium,P1,gpt-4o-mini,gpt-4o-mini,42,,2026-05-19T16:52:33.018209,0.0,pattern_match,334,149,2591.2,0.000781,
MCQ_math_220B08D0,MCQ,mathematics,fractions,easy,P1,gpt-4o-mini,gpt-4o-mini,42,,2026-05-19T16:49:59.080835,1.0,pattern_match,373,182,3489.8,0.000919,
MCQ_math_22E2ED70,MCQ,mathematics,algebra,,P1,gpt-4o-mini,gpt-4o-mini,42,,2026-05-19T16:56:00.039101,1.0,pattern_match,288,76,1596.7,0.000516,
MCQ_math_25378A0C,MCQ,mathematics,geometry,,P1,gpt-4o-mini,gpt-4o-mini,42,,2026-05-19T16:58:10.011517,1.0,pattern_match,287,70,1807.8,0.000497,
MCQ_math_26307FFE,MCQ,mathematics,algebra,,P1,gpt-4o-mini,gpt-4o-mini,42,,2026-05-19T16:54:47.893635,1.0,pattern_match,288,76,2044.0,0.000516,
MCQ_math_29A1F3D4,MCQ,mathematics,multi_step,,P1,gpt-4o-mini,gpt-4o-mini,42,,2026-05-19T16:55:30.147460,1.0,pattern_match,289,76,2382.2,0.000517,
MCQ_math_2C220DE5,MCQ,mathematics,arithmetic,easy,P1,gpt-4o-mini,gpt-4o-mini,42,,2026-05-19T16:52:15.777621,1.0,pattern_match,344,106,2070.7,0.000662,
MCQ_math_2DC59F38,MCQ,mathematics,algebra,,P1,gpt-4o-mini,gpt-4o-mini,42,,2026-05-19T16:56:25.023885,1.0,pattern_match,288,64,1478.5,0.00048,
MCQ_math_2E0D6C2A,MCQ,mathematics,percentages,,P1,gpt-4o-mini,gpt-4o-mini,42,,2026-05-19T16:55:46.196893,,ungraded,288,60,1601.9,0.000468,
MCQ_math_2E109B1D,MCQ,mathematics,fractions,,P1,gpt-4o-mini,gpt-4o-mini,42,,2026-05-19T16:59:47.994558,1.0,pattern_match,288,90,2362.6,0.000558,
MCQ_math_2F337304,MCQ,mathematics,fractions,,P1,gpt-4o-mini,gpt-4o-mini,42,,2026-05-19T16:55:58.441669,1.0,pattern_match,288,66,1749.9,0.000486,
MCQ_math_2FB42B68,MCQ,mathematics,algebra,,P1,gpt-4o-mini,gpt-4o-mini,42,,2026-05-19T16:57:49.120976,1.0,pattern_match,288,76,1722.4,0.000516,
MCQ_math_30E1575A,MCQ,mathematics,fractions,,P1,gpt-4o-mini,gpt-4o-mini,42,,2026-05-19T16:58:31.122621,1.0,pattern_match,288,83,1701.1,0.000537,
MCQ_math_326B22A5,MCQ,mathematics,multi_step,easy,P1,gpt-4o-mini,gpt-4o-mini,42,,2026-05-19T16:50:11.753866,1.0,pattern_match,380,167,3114.9,0.000881,
MCQ_math_33C33196,MCQ,mathematics,percentages,,P1,gpt-4o-mini,gpt-4o-mini,42,,2026-05-19T16:59:52.702300,1.0,pattern_match,288,71,1737.9,0.000501,
MCQ_math_349550CE,MCQ,mathematics,percentages,hard,P1,gpt-4o-mini,gpt-4o-mini,42,,2026-05-19T16:52:13.706038,1.0,pattern_match,327,156,3815.2,0.000795,
MCQ_math_37B616C7,MCQ,mathematics,percentages,,P1,gpt-4o-mini,gpt-4o-mini,42,,2026-05-19T16:54:41.804401,,ungraded,288,60,1747.7,0.000468,
MCQ_math_37F3A2B4,MCQ,mathematics,multi_step,,P1,gpt-4o-mini,gpt-4o-mini,42,,2026-05-19T16:58:29.420474,1.0,pattern_match,289,76,1690.1,0.000517,
MCQ_math_3858CFE3,MCQ,mathematics,arithmetic,easy,P1,gpt-4o-mini,gpt-4o-mini,42,,2026-05-19T16:53:36.723609,1.0,pattern_match,342,143,2839.1,0.000771,
MCQ_math_39DE6E1E,MCQ,mathematics,multi_step,,P1,gpt-4o-mini,gpt-4o-mini,42,,2026-05-19T16:59:01.333342,1.0,pattern_match,289,80,1646.1,0.000529,
MCQ_math_3AA62608,MCQ,mathematics,fractions,medium,P1,gpt-4o-mini,gpt-4o-mini,42,,2026-05-19T16:52:09.889940,1.0,pattern_match,303,170,2552.9,0.000813,
MCQ_math_3B0C66E8,MCQ,mathematics,arithmetic,medium,P1,gpt-4o-mini,gpt-4o-mini,42,,2026-05-19T16:52:30.425350,1.0,pattern_match,333,130,2602.9,0.000723,
MCQ_math_3B10D3B7,MCQ,mathematics,multi_step,easy,P1,gpt-4o-mini,gpt-4o-mini,42,,2026-05-19T16:53:41.885747,1.0,pattern_match,375,171,5161.3,0.000888,
MCQ_math_3B11326A,MCQ,mathematics,fractions,,P1,gpt-4o-mini,gpt-4o-mini,42,,2026-05-19T17:00:04.616811,1.0,pattern_match,288,77,1694.5,0.000519,
MCQ_math_3BDB9CEB,MCQ,mathematics,percentages,,P1,gpt-4o-mini,gpt-4o-mini,42,,2026-05-19T16:58:59.686450,,ungraded,288,60,1916.8,0.000468,
MCQ_math_3CC06615,MCQ,mathematics,algebra,,P1,gpt-4o-mini,gpt-4o-mini,42,,2026-05-19T16:59:57.699916,1.0,pattern_match,288,80,1707.0,0.000528,
MCQ_math_3CE21CCD,MCQ,mathematics,geometry,,P1,gpt-4o-mini,gpt-4o-mini,42,,2026-05-19T16:58:26.269215,,ungraded,287,40,1346.1,0.000407,
MCQ_math_3D6DA41A,MCQ,mathematics,arithmetic,hard,P1,gpt-4o-mini,gpt-4o-mini,42,,2026-05-19T16:50:03.447732,1.0,pattern_match,354,165,4366.3,0.000849,
MCQ_math_3DE6D76F,MCQ,mathematics,geometry,easy,P1,gpt-4o-mini,gpt-4o-mini,42,,2026-05-19T16:50:21.539928,1.0,pattern_match,345,149,2510.9,0.000792,
MCQ_math_3F478A9C,MCQ,mathematics,percentages,,P1,gpt-4o-mini,gpt-4o-mini,42,,2026-05-19T16:58:27.729553,,ungraded,288,60,1459.4,0.000468,
MCQ_math_40A739CE,MCQ,mathematics,geometry,,P1,gpt-4o-mini,gpt-4o-mini,42,,2026-05-19T16:55:53.338826,1.0,pattern_match,287,88,1965.1,0.000551,
MCQ_math_40F3614A,MCQ,mathematics,geometry,,P1,gpt-4o-mini,gpt-4o-mini,42,,2026-05-19T16:54:49.775677,1.0,pattern_match,287,91,1879.9,0.00056,
MCQ_math_41503C83,MCQ,mathematics,algebra,,P1,gpt-4o-mini,gpt-4o-mini,42,,2026-05-19T16:55:51.372058,1.0,pattern_match,288,75,1895.5,0.000513,
MCQ_math_44420BF7,MCQ,mathematics,algebra,,P1,gpt-4o-mini,gpt-4o-mini,42,,2026-05-19T16:54:38.293003,1.0,pattern_match,288,79,1515.6,0.000525,
MCQ_math_45090BC8,MCQ,mathematics,geometry,,P1,gpt-4o-mini,gpt-4o-mini,42,,2026-05-19T16:55:44.593010,1.0,pattern_match,287,70,1617.6,0.000497,
MCQ_math_4517D956,MCQ,mathematics,fractions,medium,P1,gpt-4o-mini,gpt-4o-mini,42,,2026-05-19T16:51:32.637543,1.0,pattern_match,372,161,2746.4,0.000855,
MCQ_math_456F2BF0,MCQ,mathematics,algebra,,P1,gpt-4o-mini,gpt-4o-mini,42,,2026-05-19T16:59:04.888750,1.0,pattern_match,288,76,1758.0,0.000516,
MCQ_math_459B9E52,MCQ,mathematics,multi_step,,P1,gpt-4o-mini,gpt-4o-mini,42,,2026-05-19T16:58:41.575935,1.0,pattern_match,289,83,1675.2,0.000538,
MCQ_math_4901CFC8,MCQ,mathematics,geometry,,P1,gpt-4o-mini,gpt-4o-mini,42,,2026-05-19T16:54:10.510999,,ungraded,287,78,1759.7,0.000521,
MCQ_math_490DAB86,MCQ,mathematics,percentages,,P1,gpt-4o-mini,gpt-4o-mini,42,,2026-05-19T16:59:43.604095,,ungraded,288,60,1516.9,0.000468,
MCQ_math_4A15910F,MCQ,mathematics,multi_step,easy,P1,gpt-4o-mini,gpt-4o-mini,42,,2026-05-19T16:50:32.111800,1.0,pattern_match,322,111,2411.5,0.000655,
MCQ_math_4ACD9C94,MCQ,mathematics,fractions,,P1,gpt-4o-mini,gpt-4o-mini,42,,2026-05-19T16:59:03.130081,1.0,pattern_match,288,79,1796.1,0.000525,
MCQ_math_4B28D708,MCQ,mathematics,percentages,,P1,gpt-4o-mini,gpt-4o-mini,42,,2026-05-19T17:00:01.179169,1.0,pattern_match,288,98,2012.9,0.000582,
MCQ_math_4B999DB9,MCQ,mathematics,fractions,easy,P1,gpt-4o-mini,gpt-4o-mini,42,,2026-05-19T16:51:14.424867,1.0,pattern_match,342,169,3052.4,0.000849,
MCQ_math_4CDC6D71,MCQ,mathematics,geometry,easy,P1,gpt-4o-mini,gpt-4o-mini,42,,2026-05-19T16:50:51.207474,1.0,pattern_match,393,142,2541.8,0.000819,
MCQ_math_4DF2B20D,MCQ,mathematics,fractions,,P1,gpt-4o-mini,gpt-4o-mini,42,,2026-05-19T16:55:49.474883,1.0,pattern_match,288,82,1567.8,0.000534,
MCQ_math_4ECD23C1,MCQ,mathematics,multi_step,,P1,gpt-4o-mini,gpt-4o-mini,42,,2026-05-19T16:57:19.806455,1.0,pattern_match,289,82,1640.2,0.000535,
MCQ_math_4EEC0DDD,MCQ,mathematics,multi_step,,P1,gpt-4o-mini,gpt-4o-mini,42,,2026-05-19T16:56:04.579957,1.0,pattern_match,289,82,1545.7,0.000535,
MCQ_math_4F520EF8,MCQ,mathematics,multi_step,medium,P1,gpt-4o-mini,gpt-4o-mini,42,,2026-05-19T16:52:27.820363,1.0,pattern_match,347,157,2567.7,0.000818,
MCQ_math_504D97F4,MCQ,mathematics,geometry,,P1,gpt-4o-mini,gpt-4o-mini,42,,2026-05-19T16:57:10.858516,1.0,pattern_match,287,70,1533.0,0.000497,
MCQ_math_51E9BAC1,MCQ,mathematics,percentages,,P1,gpt-4o-mini,gpt-4o-mini,42,,2026-05-19T16:56:38.037092,1.0,pattern_match,288,77,2083.0,0.000519,
MCQ_math_52324656,MCQ,mathematics,percentages,,P1,gpt-4o-mini,gpt-4o-mini,42,,2026-05-19T16:56:20.214577,1.0,pattern_match,288,81,2322.2,0.000531,
MCQ_math_5365E719,MCQ,mathematics,percentages,hard,P1,gpt-4o-mini,gpt-4o-mini,42,,2026-05-19T16:53:21.284523,1.0,pattern_match,322,106,1851.4,0.00064,
MCQ_math_53B30C76,MCQ,mathematics,algebra,,P1,gpt-4o-mini,gpt-4o-mini,42,,2026-05-19T16:58:16.819906,0.0,pattern_match,288,60,1226.6,0.000468,
MCQ_math_56231476,MCQ,mathematics,algebra,,P1,gpt-4o-mini,gpt-4o-mini,42,,2026-05-19T16:56:08.101058,1.0,pattern_match,288,76,1881.1,0.000516,
MCQ_math_565DF3E3,MCQ,mathematics,arithmetic,easy,P1,gpt-4o-mini,gpt-4o-mini,42,,2026-05-19T16:50:27.273792,0.0,pattern_match,341,169,2931.5,0.000848,
MCQ_math_56A05B9F,MCQ,mathematics,algebra,,P1,gpt-4o-mini,gpt-4o-mini,42,,2026-05-19T16:58:56.140482,1.0,pattern_match,288,80,1853.3,0.000528,
MCQ_math_57CA7BCE,MCQ,mathematics,multi_step,,P1,gpt-4o-mini,gpt-4o-mini,42,,2026-05-19T16:57:45.737537,1.0,pattern_match,289,79,1548.9,0.000526,
MCQ_math_583C7916,MCQ,mathematics,algebra,,P1,gpt-4o-mini,gpt-4o-mini,42,,2026-05-19T16:56:51.602113,1.0,pattern_match,288,77,1824.2,0.000519,
MCQ_math_5868D05E,MCQ,mathematics,algebra,,P1,gpt-4o-mini,gpt-4o-mini,42,,2026-05-19T16:56:16.141633,1.0,pattern_match,288,75,1510.8,0.000513,
MCQ_math_5A66B193,MCQ,mathematics,multi_step,,P1,gpt-4o-mini,gpt-4o-mini,42,,2026-05-19T16:56:47.939141,1.0,pattern_match,289,72,2010.0,0.000505,
MCQ_math_5A7EB171,MCQ,mathematics,fractions,easy,P1,gpt-4o-mini,gpt-4o-mini,42,,2026-05-19T16:50:13.781638,1.0,pattern_match,321,115,2026.8,0.000666,
MCQ_math_5D20A101,MCQ,mathematics,multi_step,,P1,gpt-4o-mini,gpt-4o-mini,42,,2026-05-19T16:57:05.728681,1.0,pattern_match,289,76,1612.2,0.000517,
MCQ_math_5D49D29C,MCQ,mathematics,fractions,hard,P1,gpt-4o-mini,gpt-4o-mini,42,,2026-05-19T16:50:34.705127,1.0,pattern_match,339,145,2592.3,0.000774,
MCQ_math_5EEA087C,MCQ,mathematics,fractions,medium,P1,gpt-4o-mini,gpt-4o-mini,42,,2026-05-19T16:50:16.796040,1.0,pattern_match,359,177,3013.7,0.00089,
MCQ_math_5F217943,MCQ,mathematics,fractions,easy,P1,gpt-4o-mini,gpt-4o-mini,42,,2026-05-19T16:51:34.818235,1.0,pattern_match,323,121,2179.5,0.000686,
MCQ_math_5F5A169D,MCQ,mathematics,multi_step,,P1,gpt-4o-mini,gpt-4o-mini,42,,2026-05-19T16:55:20.377902,1.0,pattern_match,289,87,1730.5,0.00055,
MCQ_math_616666B7,MCQ,mathematics,fractions,medium,P1,gpt-4o-mini,gpt-4o-mini,42,,2026-05-19T16:51:17.846729,0.0,pattern_match,354,174,3420.8,0.000876,
MCQ_math_618306C9,MCQ,mathematics,geometry,,P1,gpt-4o-mini,gpt-4o-mini,42,,2026-05-19T16:57:25.602427,1.0,pattern_match,287,70,1898.6,0.000497,
MCQ_math_61A0DC50,MCQ,mathematics,percentages,,P1,gpt-4o-mini,gpt-4o-mini,42,,2026-05-19T16:58:50.634804,1.0,pattern_match,288,77,1939.5,0.000519,
MCQ_math_634DBE26,MCQ,mathematics,percentages,,P1,gpt-4o-mini,gpt-4o-mini,42,,2026-05-19T16:57:18.165120,1.0,pattern_match,288,81,7305.9,0.000531,
MCQ_math_63579390,MCQ,mathematics,arithmetic,easy,P1,gpt-4o-mini,gpt-4o-mini,42,,2026-05-19T16:50:41.932300,1.0,pattern_match,316,119,2174.2,0.000673,
MCQ_math_63D4686F,MCQ,mathematics,fractions,,P1,gpt-4o-mini,gpt-4o-mini,42,,2026-05-19T16:58:15.592252,1.0,pattern_match,288,79,2163.5,0.000525,
MCQ_math_696208CC,MCQ,mathematics,multi_step,easy,P1,gpt-4o-mini,gpt-4o-mini,42,,2026-05-19T16:49:42.716903,1.0,pattern_match,375,162,11119.0,0.000861,
MCQ_math_69C9D805,MCQ,mathematics,fractions,,P1,gpt-4o-mini,gpt-4o-mini,42,,2026-05-19T16:54:16.741752,1.0,pattern_match,288,88,2736.1,0.000552,
MCQ_math_6AB7FE87,MCQ,mathematics,multi_step,,P1,gpt-4o-mini,gpt-4o-mini,42,,2026-05-19T16:56:22.072796,1.0,pattern_match,289,86,1856.6,0.000547,
MCQ_math_6B9D95DC,MCQ,mathematics,geometry,,P1,gpt-4o-mini,gpt-4o-mini,42,,2026-05-19T16:54:40.055681,,ungraded,287,87,1762.0,0.000548,
MCQ_math_6BFA49FD,MCQ,mathematics,multi_step,easy,P1,gpt-4o-mini,gpt-4o-mini,42,,2026-05-19T16:53:02.389361,0.0,pattern_match,322,94,2139.6,0.000604,
MCQ_math_6CDECD02,MCQ,mathematics,fractions,,P1,gpt-4o-mini,gpt-4o-mini,42,,2026-05-19T16:55:12.734159,1.0,pattern_match,288,71,1535.4,0.000501,
MCQ_math_6D67C0D3,MCQ,mathematics,arithmetic,easy,P1,gpt-4o-mini,gpt-4o-mini,42,,2026-05-19T16:52:39.551471,1.0,pattern_match,343,112,2235.0,0.000679,
MCQ_math_6DAE8415,MCQ,mathematics,arithmetic,easy,P1,gpt-4o-mini,gpt-4o-mini,42,,2026-05-19T16:52:47.072673,0.0,pattern_match,313,157,3456.7,0.000784,
MCQ_math_6F12B35B,MCQ,mathematics,percentages,,P1,gpt-4o-mini,gpt-4o-mini,42,,2026-05-19T16:58:11.920711,1.0,pattern_match,288,98,1908.5,0.000582,
MCQ_math_700D898C,MCQ,mathematics,arithmetic,easy,P1,gpt-4o-mini,gpt-4o-mini,42,,2026-05-19T16:54:05.522635,0.0,pattern_match,329,175,3037.0,0.000854,
MCQ_math_73BFF894,MCQ,mathematics,fractions,,P1,gpt-4o-mini,gpt-4o-mini,42,,2026-05-19T16:54:55.306763,1.0,pattern_match,288,63,1774.7,0.000477,
MCQ_math_77990D53,MCQ,mathematics,geometry,,P1,gpt-4o-mini,gpt-4o-mini,42,,2026-05-19T16:59:32.651538,1.0,pattern_match,287,70,1719.5,0.000497,
MCQ_math_77E9373C,MCQ,mathematics,percentages,easy,P1,gpt-4o-mini,gpt-4o-mini,42,,2026-05-19T16:50:19.028318,1.0,pattern_match,316,95,2231.5,0.000601,
MCQ_math_791687DD,MCQ,mathematics,geometry,,P1,gpt-4o-mini,gpt-4o-mini,42,,2026-05-19T16:59:50.963906,,ungraded,287,40,1363.7,0.000407,
MCQ_math_7B276C0F,MCQ,mathematics,multi_step,,P1,gpt-4o-mini,gpt-4o-mini,42,,2026-05-19T16:54:34.834232,1.0,pattern_match,289,86,2019.1,0.000547,
MCQ_math_7B436746,MCQ,mathematics,multi_step,,P1,gpt-4o-mini,gpt-4o-mini,42,,2026-05-19T16:59:10.583744,1.0,pattern_match,289,67,1820.0,0.00049,
MCQ_math_7E09280B,MCQ,mathematics,multi_step,,P1,gpt-4o-mini,gpt-4o-mini,42,,2026-05-19T16:57:37.328025,1.0,pattern_match,289,82,1704.2,0.000535,
MCQ_math_7EB5E239,MCQ,mathematics,fractions,easy,P1,gpt-4o-mini,gpt-4o-mini,42,,2026-05-19T16:52:51.593982,1.0,pattern_match,323,114,2259.4,0.000665,
MCQ_math_80A64170,MCQ,mathematics,arithmetic,medium,P1,gpt-4o-mini,gpt-4o-mini,42,,2026-05-19T16:53:19.431772,0.0,pattern_match,354,172,2909.8,0.00087,
MCQ_math_818FDF11,MCQ,mathematics,algebra,,P1,gpt-4o-mini,gpt-4o-mini,42,,2026-05-19T16:58:24.922405,1.0,pattern_match,288,79,1673.3,0.000525,
MCQ_math_81AA0B82,MCQ,mathematics,fractions,,P1,gpt-4o-mini,gpt-4o-mini,42,,2026-05-19T16:56:14.629815,0.0,pattern_match,288,72,1514.1,0.000504,
MCQ_math_81D5E042,MCQ,mathematics,multi_step,,P1,gpt-4o-mini,gpt-4o-mini,42,,2026-05-19T16:56:56.947906,1.0,pattern_match,289,95,1793.8,0.000574,
MCQ_math_820069A6,MCQ,mathematics,multi_step,,P1,gpt-4o-mini,gpt-4o-mini,42,,2026-05-19T16:59:54.297957,1.0,pattern_match,289,67,1595.0,0.00049,
MCQ_math_821C224F,MCQ,mathematics,geometry,,P1,gpt-4o-mini,gpt-4o-mini,42,,2026-05-19T16:58:01.470822,1.0,pattern_match,287,70,1565.0,0.000497,
MCQ_math_844F0AB5,MCQ,mathematics,fractions,,P1,gpt-4o-mini,gpt-4o-mini,42,,2026-05-19T16:54:27.077403,1.0,pattern_match,288,79,1611.7,0.000525,
MCQ_math_846533FF,MCQ,mathematics,fractions,,P1,gpt-4o-mini,gpt-4o-mini,42,,2026-05-19T16:57:07.453379,1.0,pattern_match,288,77,1723.2,0.000519,
MCQ_math_8468C957,MCQ,mathematics,arithmetic,medium,P1,gpt-4o-mini,gpt-4o-mini,42,,2026-05-19T16:53:06.777088,1.0,pattern_match,329,103,1920.6,0.000638,
MCQ_math_85C5D098,MCQ,mathematics,geometry,,P1,gpt-4o-mini,gpt-4o-mini,42,,2026-05-19T16:55:07.086239,1.0,pattern_match,287,70,1639.5,0.000497,
MCQ_math_85C978E2,MCQ,mathematics,percentages,hard,P1,gpt-4o-mini,gpt-4o-mini,42,,2026-05-19T16:53:13.995578,1.0,pattern_match,333,103,1803.0,0.000642,
MCQ_math_866C1AF6,MCQ,mathematics,algebra,,P1,gpt-4o-mini,gpt-4o-mini,42,,2026-05-19T16:58:08.202855,1.0,pattern_match,288,76,1561.4,0.000516,
MCQ_math_88152492,MCQ,mathematics,fractions,,P1,gpt-4o-mini,gpt-4o-mini,42,,2026-05-19T16:57:39.167777,1.0,pattern_match,288,79,1837.9,0.000525,
MCQ_math_88A3ACDD,MCQ,mathematics,algebra,,P1,gpt-4o-mini,gpt-4o-mini,42,,2026-05-19T16:57:59.904972,0.0,pattern_match,288,71,1501.7,0.000501,
MCQ_math_89D7F328,MCQ,mathematics,geometry,,P1,gpt-4o-mini,gpt-4o-mini,42,,2026-05-19T16:58:57.769039,1.0,pattern_match,287,70,1627.6,0.000497,
MCQ_math_89E2B141,MCQ,mathematics,fractions,medium,P1,gpt-4o-mini,gpt-4o-mini,42,,2026-05-19T16:52:19.378559,0.0,pattern_match,340,180,3600.0,0.00088,
MCQ_math_89F20FF6,MCQ,mathematics,percentages,medium,P1,gpt-4o-mini,gpt-4o-mini,42,,2026-05-19T16:51:42.884606,1.0,pattern_match,341,143,2539.5,0.00077,
MCQ_math_8A39B1B8,MCQ,mathematics,algebra,,P1,gpt-4o-mini,gpt-4o-mini,42,,2026-05-19T16:54:08.749745,1.0,pattern_match,288,69,1591.8,0.000495,
MCQ_math_8A7D2633,MCQ,mathematics,percentages,hard,P1,gpt-4o-mini,gpt-4o-mini,42,,2026-05-19T16:50:44.110240,0.0,pattern_match,361,120,2177.0,0.000721,
MCQ_math_8B5D9660,MCQ,mathematics,algebra,,P1,gpt-4o-mini,gpt-4o-mini,42,,2026-05-19T16:54:57.059962,1.0,pattern_match,288,88,1752.1,0.000552,
MCQ_math_8BEAA45A,MCQ,mathematics,percentages,,P1,gpt-4o-mini,gpt-4o-mini,42,,2026-05-19T16:56:55.153638,1.0,pattern_match,288,98,1790.1,0.000582,
MCQ_math_8D5CABA8,MCQ,mathematics,fractions,easy,P1,gpt-4o-mini,gpt-4o-mini,42,,2026-05-19T16:52:58.093784,1.0,pattern_match,360,140,3799.2,0.00078,
MCQ_math_8DD1A3A1,MCQ,mathematics,arithmetic,easy,P1,gpt-4o-mini,gpt-4o-mini,42,,2026-05-19T16:51:52.850873,1.0,pattern_match,325,117,2178.4,0.000676,
MCQ_math_8DE81FE0,MCQ,mathematics,algebra,,P1,gpt-4o-mini,gpt-4o-mini,42,,2026-05-19T16:56:42.645991,1.0,pattern_match,288,75,1658.5,0.000513,
MCQ_math_8EDBFCFD,MCQ,mathematics,multi_step,easy,P1,gpt-4o-mini,gpt-4o-mini,42,,2026-05-19T16:52:43.613468,0.0,pattern_match,322,108,2075.3,0.000646,
MCQ_math_90A3D52A,MCQ,mathematics,percentages,,P1,gpt-4o-mini,gpt-4o-mini,42,,2026-05-19T16:57:04.115382,1.0,pattern_match,288,91,1901.2,0.000561,
MCQ_math_90A565AB,MCQ,mathematics,algebra,,P1,gpt-4o-mini,gpt-4o-mini,42,,2026-05-19T16:57:32.191103,1.0,pattern_match,288,76,1696.7,0.000516,
MCQ_math_916513EE,MCQ,mathematics,geometry,,P1,gpt-4o-mini,gpt-4o-mini,42,,2026-05-19T16:56:26.787465,1.0,pattern_match,287,82,1762.3,0.000533,
MCQ_math_91A85270,MCQ,mathematics,arithmetic,hard,P1,gpt-4o-mini,gpt-4o-mini,42,,2026-05-19T16:53:56.741717,1.0,pattern_match,326,112,2276.8,0.000662,
MCQ_math_92ACA573,MCQ,mathematics,percentages,,P1,gpt-4o-mini,gpt-4o-mini,42,,2026-05-19T16:59:34.865172,1.0,pattern_match,288,98,2212.6,0.000582,
MCQ_math_9314D2BB,MCQ,mathematics,multi_step,hard,P1,gpt-4o-mini,gpt-4o-mini,42,,2026-05-19T16:53:29.857617,1.0,pattern_match,339,200,3159.4,0.000939,
MCQ_math_93A23E15,MCQ,mathematics,geometry,,P1,gpt-4o-mini,gpt-4o-mini,42,,2026-05-19T16:55:16.421919,1.0,pattern_match,287,87,1839.1,0.000548,
MCQ_math_9461F3EF,MCQ,mathematics,percentages,,P1,gpt-4o-mini,gpt-4o-mini,42,,2026-05-19T16:55:09.153646,1.0,pattern_match,288,95,2066.3,0.000573,
MCQ_math_94FB3809,MCQ,mathematics,percentages,,P1,gpt-4o-mini,gpt-4o-mini,42,,2026-05-19T16:56:29.203037,1.0,pattern_match,288,82,2414.7,0.000534,
MCQ_math_97F932B0,MCQ,mathematics,fractions,,P1,gpt-4o-mini,gpt-4o-mini,42,,2026-05-19T16:55:22.693637,,ungraded,288,68,2313.3,0.000492,
MCQ_math_9895D248,MCQ,mathematics,geometry,,P1,gpt-4o-mini,gpt-4o-mini,42,,2026-05-19T16:54:31.081315,1.0,pattern_match,287,102,2195.8,0.000593,
MCQ_math_994B6770,MCQ,mathematics,arithmetic,easy,P1,gpt-4o-mini,gpt-4o-mini,42,,2026-05-19T16:51:02.892172,1.0,pattern_match,356,188,3352.5,0.00092,
MCQ_math_99E11C83,MCQ,mathematics,algebra,,P1,gpt-4o-mini,gpt-4o-mini,42,,2026-05-19T16:56:34.345058,1.0,pattern_match,288,76,1605.6,0.000516,
MCQ_math_9B30A1A7,MCQ,mathematics,fractions,easy,P1,gpt-4o-mini,gpt-4o-mini,42,,2026-05-19T16:49:55.590433,1.0,pattern_match,323,107,2335.6,0.000644,
MCQ_math_9B989521,MCQ,mathematics,multi_step,easy,P1,gpt-4o-mini,gpt-4o-mini,42,,2026-05-19T16:53:12.190753,1.0,pattern_match,335,142,2234.6,0.000761,
MCQ_math_9D653C6B,MCQ,mathematics,multi_step,easy,P1,gpt-4o-mini,gpt-4o-mini,42,,2026-05-19T16:51:05.812473,1.0,pattern_match,329,159,2919.0,0.000806,
MCQ_math_9D8FDE2A,MCQ,mathematics,arithmetic,medium,P1,gpt-4o-mini,gpt-4o-mini,42,,2026-05-19T16:51:29.890307,,ungraded,341,200,3091.0,0.000941,
MCQ_math_9EA8E728,MCQ,mathematics,geometry,,P1,gpt-4o-mini,gpt-4o-mini,42,,2026-05-19T16:57:02.213544,1.0,pattern_match,287,70,1623.0,0.000497,
MCQ_math_9ECA2D52,MCQ,mathematics,multi_step,hard,P1,gpt-4o-mini,gpt-4o-mini,42,,2026-05-19T16:50:39.757406,1.0,pattern_match,336,154,2684.7,0.000798,
MCQ_math_9ECEA80A,MCQ,mathematics,algebra,,P1,gpt-4o-mini,gpt-4o-mini,42,,2026-05-19T16:59:49.599069,1.0,pattern_match,288,81,1601.8,0.000531,
MCQ_math_9F420A44,MCQ,mathematics,multi_step,,P1,gpt-4o-mini,gpt-4o-mini,42,,2026-05-19T16:54:14.003851,1.0,pattern_match,289,85,1782.0,0.000544,
MCQ_math_9FB10F42,MCQ,mathematics,fractions,,P1,gpt-4o-mini,gpt-4o-mini,42,,2026-05-19T16:54:36.775319,1.0,pattern_match,288,85,1939.4,0.000543,
MCQ_math_A0832DC9,MCQ,mathematics,multi_step,medium,P1,gpt-4o-mini,gpt-4o-mini,42,,2026-05-19T16:53:04.855450,0.0,pattern_match,326,122,2465.1,0.000692,
MCQ_math_A15A2F36,MCQ,mathematics,geometry,,P1,gpt-4o-mini,gpt-4o-mini,42,,2026-05-19T16:57:33.745196,1.0,pattern_match,287,70,1551.4,0.000497,
MCQ_math_A275EDA9,MCQ,mathematics,geometry,,P1,gpt-4o-mini,gpt-4o-mini,42,,2026-05-19T16:59:24.036834,1.0,pattern_match,287,70,1790.5,0.000497,
MCQ_math_A3125F83,MCQ,mathematics,fractions,,P1,gpt-4o-mini,gpt-4o-mini,42,,2026-05-19T16:56:23.543426,1.0,pattern_match,288,73,1469.9,0.000507,
MCQ_math_A3AFB2DD,MCQ,mathematics,algebra,,P1,gpt-4o-mini,gpt-4o-mini,42,,2026-05-19T16:59:14.200854,1.0,pattern_match,288,76,1629.5,0.000516,
MCQ_math_A43D6BBA,MCQ,mathematics,arithmetic,easy,P1,gpt-4o-mini,gpt-4o-mini,42,,2026-05-19T16:50:59.538697,1.0,pattern_match,376,200,4263.4,0.000976,
MCQ_math_A51C0664,MCQ,mathematics,algebra,,P1,gpt-4o-mini,gpt-4o-mini,42,,2026-05-19T16:59:22.245450,1.0,pattern_match,288,91,1698.3,0.000561,
MCQ_math_A6AF3D66,MCQ,mathematics,percentages,,P1,gpt-4o-mini,gpt-4o-mini,42,,2026-05-19T16:56:11.433906,,ungraded,288,57,1583.6,0.000459,
MCQ_math_A6D37DDF,MCQ,mathematics,geometry,easy,P1,gpt-4o-mini,gpt-4o-mini,42,,2026-05-19T16:51:48.611421,1.0,pattern_match,331,165,2848.1,0.000826,
MCQ_math_A76AE9FC,MCQ,mathematics,arithmetic,easy,P1,gpt-4o-mini,gpt-4o-mini,42,,2026-05-19T16:49:48.211064,1.0,pattern_match,311,106,3258.1,0.000629,
MCQ_math_A82E62FA,MCQ,mathematics,fractions,,P1,gpt-4o-mini,gpt-4o-mini,42,,2026-05-19T16:56:58.974196,1.0,pattern_match,288,84,2024.9,0.00054,
MCQ_math_A8F08627,MCQ,mathematics,percentages,,P1,gpt-4o-mini,gpt-4o-mini,42,,2026-05-19T16:59:17.295580,1.0,pattern_match,288,77,1614.3,0.000519,
MCQ_math_AA8AE9EA,MCQ,mathematics,geometry,,P1,gpt-4o-mini,gpt-4o-mini,42,,2026-05-19T16:59:06.715403,1.0,pattern_match,287,70,1825.8,0.000497,
MCQ_math_AB9A753D,MCQ,mathematics,multi_step,hard,P1,gpt-4o-mini,gpt-4o-mini,42,,2026-05-19T16:51:20.998049,1.0,pattern_match,330,160,3150.4,0.00081,
MCQ_math_ACD3BE03,MCQ,mathematics,arithmetic,medium,P1,gpt-4o-mini,gpt-4o-mini,42,,2026-05-19T16:52:25.252078,1.0,pattern_match,392,158,2836.1,0.000866,
MCQ_math_ACDC6640,MCQ,mathematics,geometry,,P1,gpt-4o-mini,gpt-4o-mini,42,,2026-05-19T16:57:51.033923,,ungraded,287,78,1912.1,0.000521,
MCQ_math_AE9D2F35,MCQ,mathematics,geometry,,P1,gpt-4o-mini,gpt-4o-mini,42,,2026-05-19T16:56:17.889820,1.0,pattern_match,287,70,1746.6,0.000497,
MCQ_math_AEB77C78,MCQ,mathematics,percentages,medium,P1,gpt-4o-mini,gpt-4o-mini,42,,2026-05-19T16:51:11.371296,1.0,pattern_match,325,197,3271.5,0.000916,
MCQ_math_B1356DB8,MCQ,mathematics,multi_step,,P1,gpt-4o-mini,gpt-4o-mini,42,,2026-05-19T16:58:52.447032,1.0,pattern_match,289,76,1811.1,0.000517,
MCQ_math_B189670C,MCQ,mathematics,algebra,,P1,gpt-4o-mini,gpt-4o-mini,42,,2026-05-19T16:58:32.726543,1.0,pattern_match,288,76,1602.7,0.000516,
MCQ_math_B1EE51A2,MCQ,mathematics,percentages,,P1,gpt-4o-mini,gpt-4o-mini,42,,2026-05-19T16:54:23.489860,,ungraded,288,60,3202.9,0.000468,
MCQ_math_B2548EEF,MCQ,mathematics,multi_step,,P1,gpt-4o-mini,gpt-4o-mini,42,,2026-05-19T16:57:56.901885,1.0,pattern_match,289,85,3859.4,0.000544,
MCQ_math_B28AB8E6,MCQ,mathematics,geometry,,P1,gpt-4o-mini,gpt-4o-mini,42,,2026-05-19T16:59:42.086094,1.0,pattern_match,287,77,2063.2,0.000518,
MCQ_math_B3ACE7F2,MCQ,mathematics,arithmetic,medium,P1,gpt-4o-mini,gpt-4o-mini,42,,2026-05-19T16:51:24.223883,,ungraded,323,200,3225.2,0.000923,
MCQ_math_B437556E,MCQ,mathematics,percentages,,P1,gpt-4o-mini,gpt-4o-mini,42,,2026-05-19T16:58:39.899769,1.0,pattern_match,288,99,3548.0,0.000585,
MCQ_math_B52FABDC,MCQ,mathematics,fractions,,P1,gpt-4o-mini,gpt-4o-mini,42,,2026-05-19T16:59:38.230192,1.0,pattern_match,288,79,1694.6,0.000525,
MCQ_math_B66F8A74,MCQ,mathematics,fractions,,P1,gpt-4o-mini,gpt-4o-mini,42,,2026-05-19T16:59:29.076180,,ungraded,288,70,1547.2,0.000498,
MCQ_math_B72F93B7,MCQ,mathematics,arithmetic,easy,P1,gpt-4o-mini,gpt-4o-mini,42,,2026-05-19T16:50:29.699592,1.0,pattern_match,329,117,2424.9,0.00068,
MCQ_math_B9CB8F4F,MCQ,mathematics,algebra,,P1,gpt-4o-mini,gpt-4o-mini,42,,2026-05-19T16:55:24.334208,1.0,pattern_match,288,78,1639.5,0.000522,
MCQ_math_BB0AF2A8,MCQ,mathematics,multi_step,hard,P1,gpt-4o-mini,gpt-4o-mini,42,,2026-05-19T16:50:48.664176,0.0,pattern_match,363,200,4552.9,0.000963,
MCQ_math_BB2DF7F7,MCQ,mathematics,multi_step,easy,P1,gpt-4o-mini,gpt-4o-mini,42,,2026-05-19T16:51:59.666191,1.0,pattern_match,347,139,2564.0,0.000764,
MCQ_math_BB7DEAE9,MCQ,mathematics,multi_step,,P1,gpt-4o-mini,gpt-4o-mini,42,,2026-05-19T16:55:39.582228,1.0,pattern_match,289,76,1899.7,0.000517,
MCQ_math_BC46E379,MCQ,mathematics,arithmetic,easy,P1,gpt-4o-mini,gpt-4o-mini,42,,2026-05-19T16:51:08.099329,1.0,pattern_match,330,124,2286.0,0.000702,
MCQ_math_BD188602,MCQ,mathematics,geometry,,P1,gpt-4o-mini,gpt-4o-mini,42,,2026-05-19T16:54:58.587016,1.0,pattern_match,287,82,1526.1,0.000533,
MCQ_math_BD63B81E,MCQ,mathematics,geometry,,P1,gpt-4o-mini,gpt-4o-mini,42,,2026-05-19T16:56:35.952583,1.0,pattern_match,287,70,1605.9,0.000497,
MCQ_math_BD6642F8,MCQ,mathematics,percentages,,P1,gpt-4o-mini,gpt-4o-mini,42,,2026-05-19T17:00:11.261360,1.0,pattern_match,288,81,1969.2,0.000531,
MCQ_math_BDAABCA0,MCQ,mathematics,multi_step,medium,P1,gpt-4o-mini,gpt-4o-mini,42,,2026-05-19T16:53:44.409968,1.0,pattern_match,321,150,2523.6,0.000771,
MCQ_math_BE386B33,MCQ,mathematics,algebra,,P1,gpt-4o-mini,gpt-4o-mini,42,,2026-05-19T16:58:47.113117,1.0,pattern_match,288,76,1941.2,0.000516,
MCQ_math_C10FEB35,MCQ,mathematics,geometry,,P1,gpt-4o-mini,gpt-4o-mini,42,,2026-05-19T16:55:35.637734,1.0,pattern_match,287,82,2001.9,0.000533,
MCQ_math_C11E8FEF,MCQ,mathematics,geometry,,P1,gpt-4o-mini,gpt-4o-mini,42,,2026-05-19T16:57:42.603682,1.0,pattern_match,287,70,1745.9,0.000497,
MCQ_math_C4470CF5,MCQ,mathematics,percentages,medium,P1,gpt-4o-mini,gpt-4o-mini,42,,2026-05-19T16:51:45.762590,,ungraded,323,200,2876.9,0.000923,
MCQ_math_C5B74D54,MCQ,mathematics,multi_step,,P1,gpt-4o-mini,gpt-4o-mini,42,,2026-05-19T16:58:13.427975,1.0,pattern_match,289,70,1506.2,0.000499,
MCQ_math_C6290889,MCQ,mathematics,percentages,,P1,gpt-4o-mini,gpt-4o-mini,42,,2026-05-19T16:56:45.927503,1.0,pattern_match,288,82,1778.7,0.000534,
MCQ_math_C667E110,MCQ,mathematics,fractions,hard,P1,gpt-4o-mini,gpt-4o-mini,42,,2026-05-19T16:49:53.254108,1.0,pattern_match,339,136,2382.8,0.000747,
MCQ_math_C72CBAEB,MCQ,mathematics,fractions,,P1,gpt-4o-mini,gpt-4o-mini,42,,2026-05-19T16:59:12.569401,1.0,pattern_match,288,84,1983.7,0.00054,
MCQ_math_C7636DBA,MCQ,mathematics,multi_step,medium,P1,gpt-4o-mini,gpt-4o-mini,42,,2026-05-19T16:50:24.341391,1.0,pattern_match,360,164,2800.5,0.000852,
MCQ_math_C7E7FB1F,MCQ,mathematics,multi_step,,P1,gpt-4o-mini,gpt-4o-mini,42,,2026-05-19T16:57:28.984555,1.0,pattern_match,289,76,2069.9,0.000517,
MCQ_math_C8348AC9,MCQ,mathematics,arithmetic,medium,P1,gpt-4o-mini,gpt-4o-mini,42,,2026-05-19T16:54:02.484027,1.0,pattern_match,346,164,2657.2,0.000838,
MCQ_math_C9A65F90,MCQ,mathematics,multi_step,,P1,gpt-4o-mini,gpt-4o-mini,42,,2026-05-19T16:56:13.114920,1.0,pattern_match,289,82,1680.1,0.000535,
MCQ_math_CA417692,MCQ,mathematics,percentages,,P1,gpt-4o-mini,gpt-4o-mini,42,,2026-05-19T16:54:51.763191,,ungraded,288,60,1985.0,0.000468,
MCQ_math_CC09D432,MCQ,mathematics,fractions,,P1,gpt-4o-mini,gpt-4o-mini,42,,2026-05-19T16:56:49.776187,1.0,pattern_match,288,82,1836.0,0.000534,
MCQ_math_CC5DF739,MCQ,mathematics,percentages,,P1,gpt-4o-mini,gpt-4o-mini,42,,2026-05-19T16:55:27.764551,1.0,pattern_match,288,81,2033.7,0.000531,
MCQ_math_CC8A2033,MCQ,mathematics,multi_step,,P1,gpt-4o-mini,gpt-4o-mini,42,,2026-05-19T16:59:18.947939,1.0,pattern_match,289,74,1651.7,0.000511,
MCQ_math_CCEA0A9B,MCQ,mathematics,fractions,,P1,gpt-4o-mini,gpt-4o-mini,42,,2026-05-19T16:55:31.983466,0.0,pattern_match,288,77,1834.8,0.000519,
MCQ_math_CDABE5E0,MCQ,mathematics,fractions,,P1,gpt-4o-mini,gpt-4o-mini,42,,2026-05-19T16:59:20.545832,1.0,pattern_match,288,84,1596.8,0.00054,
MCQ_math_CE3D2CB5,MCQ,mathematics,percentages,,P1,gpt-4o-mini,gpt-4o-mini,42,,2026-05-19T16:57:53.041575,1.0,pattern_match,288,77,2007.0,0.000519,
MCQ_math_CE437A52,MCQ,mathematics,percentages,,P1,gpt-4o-mini,gpt-4o-mini,42,,2026-05-19T16:55:18.646201,,ungraded,288,60,2222.6,0.000468,
MCQ_math_CE4F5C73,MCQ,mathematics,fractions,,P1,gpt-4o-mini,gpt-4o-mini,42,,2026-05-19T16:54:07.156050,1.0,pattern_match,288,77,1631.6,0.000519,
MCQ_math_D0D1C19D,MCQ,mathematics,percentages,,P1,gpt-4o-mini,gpt-4o-mini,42,,2026-05-19T16:56:03.033558,,ungraded,288,60,1561.8,0.000468,
MCQ_math_D13AB2AB,MCQ,mathematics,percentages,,P1,gpt-4o-mini,gpt-4o-mini,42,,2026-05-19T16:54:32.813986,1.0,pattern_match,288,82,1731.4,0.000534,
MCQ_math_D16C7C33,MCQ,mathematics,algebra,,P1,gpt-4o-mini,gpt-4o-mini,42,,2026-05-19T16:57:23.703080,1.0,pattern_match,288,76,1532.7,0.000516,
MCQ_math_D29CB71A,MCQ,mathematics,multi_step,,P1,gpt-4o-mini,gpt-4o-mini,42,,2026-05-19T16:55:56.690762,1.0,pattern_match,289,80,1687.6,0.000529,
MCQ_math_D2EA5764,MCQ,mathematics,percentages,,P1,gpt-4o-mini,gpt-4o-mini,42,,2026-05-19T16:54:12.220224,1.0,pattern_match,288,79,1707.9,0.000525,
MCQ_math_D31D0C60,MCQ,mathematics,arithmetic,easy,P1,gpt-4o-mini,gpt-4o-mini,42,,2026-05-19T16:53:46.945740,1.0,pattern_match,346,116,2533.8,0.000694,
MCQ_math_D488595E,MCQ,mathematics,algebra,,P1,gpt-4o-mini,gpt-4o-mini,42,,2026-05-19T16:54:28.882661,1.0,pattern_match,288,82,1804.2,0.000534,
MCQ_math_D4A69ECB,MCQ,mathematics,multi_step,,P1,gpt-4o-mini,gpt-4o-mini,42,,2026-05-19T16:54:25.463616,1.0,pattern_match,289,82,1970.6,0.000535,
MCQ_math_D53D91D9,MCQ,mathematics,multi_step,,P1,gpt-4o-mini,gpt-4o-mini,42,,2026-05-19T16:55:02.097488,1.0,pattern_match,289,81,1795.3,0.000532,
MCQ_math_D572A8AA,MCQ,mathematics,fractions,,P1,gpt-4o-mini,gpt-4o-mini,42,,2026-05-19T16:56:06.218935,1.0,pattern_match,288,82,1637.3,0.000534,
MCQ_math_D5C90E35,MCQ,mathematics,multi_step,easy,P1,gpt-4o-mini,gpt-4o-mini,42,,2026-05-19T16:52:04.854329,1.0,pattern_match,355,126,2734.9,0.000733,
MCQ_math_D644BEF4,MCQ,mathematics,fractions,,P1,gpt-4o-mini,gpt-4o-mini,42,,2026-05-19T16:55:41.167615,1.0,pattern_match,288,82,1583.7,0.000534,
MCQ_math_D64F0628,MCQ,mathematics,algebra,,P1,gpt-4o-mini,gpt-4o-mini,42,,2026-05-19T16:55:33.634120,1.0,pattern_match,288,81,1648.9,0.000531,
MCQ_math_D69F82AE,MCQ,mathematics,multi_step,medium,P1,gpt-4o-mini,gpt-4o-mini,42,,2026-05-19T16:53:52.308182,1.0,pattern_match,358,139,3109.9,0.000775,
MCQ_math_D7724F71,MCQ,mathematics,percentages,medium,P1,gpt-4o-mini,gpt-4o-mini,42,,2026-05-19T16:52:49.334190,1.0,pattern_match,328,120,2260.7,0.000688,
MCQ_math_D801699F,MCQ,mathematics,percentages,hard,P1,gpt-4o-mini,gpt-4o-mini,42,,2026-05-19T16:52:41.536592,1.0,pattern_match,360,92,1983.8,0.000636,
MCQ_math_D90BDE74,MCQ,mathematics,multi_step,easy,P1,gpt-4o-mini,gpt-4o-mini,42,,2026-05-19T16:49:23.824708,1.0,pattern_match,368,135,2622.6,0.000773,
MCQ_math_D9FB331E,MCQ,mathematics,percentages,easy,P1,gpt-4o-mini,gpt-4o-mini,42,,2026-05-19T16:53:49.196816,1.0,pattern_match,316,126,2249.5,0.000694,
MCQ_math_DA74D9AA,MCQ,mathematics,fractions,,P1,gpt-4o-mini,gpt-4o-mini,42,,2026-05-19T16:59:55.991786,1.0,pattern_match,288,78,1692.3,0.000522,
MCQ_math_DA7C9BC7,MCQ,mathematics,fractions,,P1,gpt-4o-mini,gpt-4o-mini,42,,2026-05-19T16:57:47.397863,1.0,pattern_match,288,85,1659.6,0.000543,
MCQ_math_DCA40307,MCQ,mathematics,percentages,medium,P1,gpt-4o-mini,gpt-4o-mini,42,,2026-05-19T16:50:37.072114,1.0,pattern_match,332,144,2366.3,0.000764,
MCQ_math_DCC6A3B2,MCQ,mathematics,multi_step,,P1,gpt-4o-mini,gpt-4o-mini,42,,2026-05-19T17:00:02.921262,1.0,pattern_match,289,90,1741.0,0.000559,
MCQ_math_DFC6478B,MCQ,mathematics,geometry,,P1,gpt-4o-mini,gpt-4o-mini,42,,2026-05-19T16:59:15.680130,1.0,pattern_match,287,70,1478.7,0.000497,
MCQ_math_E1DFE4C5,MCQ,mathematics,percentages,,P1,gpt-4o-mini,gpt-4o-mini,42,,2026-05-19T16:59:08.763141,1.0,pattern_match,288,95,2046.9,0.000573,
MCQ_math_E2991BDB,MCQ,mathematics,algebra,,P1,gpt-4o-mini,gpt-4o-mini,42,,2026-05-19T16:59:40.022388,1.0,pattern_match,288,98,1789.5,0.000582,
MCQ_math_E2E81DF9,MCQ,mathematics,arithmetic,easy,P1,gpt-4o-mini,gpt-4o-mini,42,,2026-05-19T16:51:50.671954,1.0,pattern_match,316,122,2059.9,0.000682,
MCQ_math_E332F938,MCQ,mathematics,geometry,,P1,gpt-4o-mini,gpt-4o-mini,42,,2026-05-19T16:56:44.147023,1.0,pattern_match,287,82,1498.9,0.000533,
MCQ_math_E473C965,MCQ,mathematics,fractions,,P1,gpt-4o-mini,gpt-4o-mini,42,,2026-05-19T16:56:40.985810,1.0,pattern_match,288,66,1600.4,0.000486,
MCQ_math_E4F0E0AC,MCQ,mathematics,multi_step,,P1,gpt-4o-mini,gpt-4o-mini,42,,2026-05-19T16:55:47.905748,1.0,pattern_match,289,83,1707.0,0.000538,
MCQ_math_E6054E81,MCQ,mathematics,arithmetic,hard,P1,gpt-4o-mini,gpt-4o-mini,42,,2026-05-19T16:50:55.274519,1.0,pattern_match,321,200,4066.2,0.000921,
MCQ_math_E6B4DA8D,MCQ,mathematics,percentages,,P1,gpt-4o-mini,gpt-4o-mini,42,,2026-05-19T16:57:44.188061,1.0,pattern_match,288,75,1583.6,0.000513,
MCQ_math_E7870D0B,MCQ,mathematics,fractions,,P1,gpt-4o-mini,gpt-4o-mini,42,,2026-05-19T16:58:45.170721,1.0,pattern_match,288,79,3593.5,0.000525,
MCQ_math_E7C621BE,MCQ,mathematics,algebra,,P1,gpt-4o-mini,gpt-4o-mini,42,,2026-05-19T16:59:30.931239,1.0,pattern_match,288,76,1854.5,0.000516,
MCQ_math_E9FEEE04,MCQ,mathematics,fractions,easy,P1,gpt-4o-mini,gpt-4o-mini,42,,2026-05-19T16:53:16.520682,1.0,pattern_match,370,165,2524.1,0.000865,
MCQ_math_EC14188B,MCQ,mathematics,fractions,,P1,gpt-4o-mini,gpt-4o-mini,42,,2026-05-19T16:58:06.641037,1.0,pattern_match,288,82,1711.5,0.000534,
MCQ_math_EC2AD1E4,MCQ,mathematics,percentages,easy,P1,gpt-4o-mini,gpt-4o-mini,42,,2026-05-19T16:49:50.870317,1.0,pattern_match,341,152,2658.0,0.000797,
MCQ_math_ED83CF56,MCQ,mathematics,fractions,,P1,gpt-4o-mini,gpt-4o-mini,42,,2026-05-19T16:54:45.847524,1.0,pattern_match,288,71,1478.9,0.000501,
MCQ_math_EF06A4BF,MCQ,mathematics,algebra,,P1,gpt-4o-mini,gpt-4o-mini,42,,2026-05-19T16:55:14.581289,1.0,pattern_match,288,81,1845.9,0.000531,
MCQ_math_EF1C5E1D,MCQ,mathematics,fractions,,P1,gpt-4o-mini,gpt-4o-mini,42,,2026-05-19T16:58:54.286051,1.0,pattern_match,288,75,1838.6,0.000513,
MCQ_math_EFD52FA2,MCQ,mathematics,multi_step,,P1,gpt-4o-mini,gpt-4o-mini,42,,2026-05-19T16:59:45.630834,1.0,pattern_match,289,91,2025.6,0.000562,
MCQ_math_F0D43358,MCQ,mathematics,fractions,,P1,gpt-4o-mini,gpt-4o-mini,42,,2026-05-19T16:57:22.169870,1.0,pattern_match,288,81,2362.1,0.000531,
MCQ_math_F61C24DA,MCQ,mathematics,percentages,,P1,gpt-4o-mini,gpt-4o-mini,42,,2026-05-19T16:55:55.002542,,ungraded,288,60,1662.5,0.000468,
MCQ_math_F7138025,MCQ,mathematics,percentages,,P1,gpt-4o-mini,gpt-4o-mini,42,,2026-05-19T16:57:26.914103,,ungraded,288,60,1309.6,0.000468,
MCQ_math_F90DD171,MCQ,mathematics,multi_step,,P1,gpt-4o-mini,gpt-4o-mini,42,,2026-05-19T16:54:44.366709,1.0,pattern_match,289,88,2560.3,0.000553,
MCQ_math_F942F14B,MCQ,mathematics,geometry,,P1,gpt-4o-mini,gpt-4o-mini,42,,2026-05-19T16:59:59.164743,1.0,pattern_match,287,70,1464.0,0.000497,
MCQ_math_F96A6BFB,MCQ,mathematics,arithmetic,easy,P1,gpt-4o-mini,gpt-4o-mini,42,,2026-05-19T16:52:54.292658,1.0,pattern_match,342,130,2697.8,0.000732,
MCQ_math_F97CC582,MCQ,mathematics,fractions,,P1,gpt-4o-mini,gpt-4o-mini,42,,2026-05-19T16:56:32.737979,1.0,pattern_match,288,79,1637.0,0.000525,
MCQ_math_F9816833,MCQ,mathematics,multi_step,,P1,gpt-4o-mini,gpt-4o-mini,42,,2026-05-19T16:59:27.527890,1.0,pattern_match,289,76,1541.5,0.000517,
MCQ_math_F9CA8A79,MCQ,mathematics,arithmetic,easy,P1,gpt-4o-mini,gpt-4o-mini,42,,2026-05-19T16:49:26.183343,1.0,pattern_match,321,105,2357.5,0.000636,
MCQ_math_F9E4050E,MCQ,mathematics,percentages,easy,P1,gpt-4o-mini,gpt-4o-mini,42,,2026-05-19T16:53:33.883807,1.0,pattern_match,316,162,4024.4,0.000802,
MCQ_math_FA6F9DA1,MCQ,mathematics,percentages,hard,P1,gpt-4o-mini,gpt-4o-mini,42,,2026-05-19T16:52:22.415446,0.0,pattern_match,370,162,3035.6,0.000856,
MCQ_math_FAB55D1F,MCQ,mathematics,fractions,easy,P1,gpt-4o-mini,gpt-4o-mini,42,,2026-05-19T16:50:08.638159,1.0,pattern_match,336,102,2544.2,0.000642,
MCQ_math_FADEFDDF,MCQ,mathematics,arithmetic,medium,P1,gpt-4o-mini,gpt-4o-mini,42,,2026-05-19T16:53:26.697064,1.0,pattern_match,360,158,2805.3,0.000834,
MCQ_math_FBD22492,MCQ,mathematics,percentages,,P1,gpt-4o-mini,gpt-4o-mini,42,,2026-05-19T16:55:00.299594,1.0,pattern_match,288,87,1710.6,0.000549,
MCQ_math_FD21FAD5,MCQ,mathematics,arithmetic,medium,P1,gpt-4o-mini,gpt-4o-mini,42,,2026-05-19T16:51:54.871285,1.0,pattern_match,305,74,2019.4,0.000527,
MCQ_math_FD2EDFE8,MCQ,mathematics,algebra,,P1,gpt-4o-mini,gpt-4o-mini,42,,2026-05-19T16:57:09.324337,1.0,pattern_match,288,75,1870.3,0.000513,
MCQ_math_FD7DABA0,MCQ,mathematics,geometry,,P1,gpt-4o-mini,gpt-4o-mini,42,,2026-05-19T16:56:09.848061,1.0,pattern_match,287,82,1745.9,0.000533,
MCQ_math_FDE3D186,MCQ,mathematics,arithmetic,medium,P1,gpt-4o-mini,gpt-4o-mini,42,,2026-05-19T16:51:57.101050,1.0,pattern_match,317,132,2229.1,0.000713,
MCQ_math_FE1A9347,MCQ,mathematics,multi_step,easy,P1,gpt-4o-mini,gpt-4o-mini,42,,2026-05-19T16:53:23.890238,0.0,pattern_match,330,113,2604.1,0.000669,
MCQ_math_FE55F35A,MCQ,mathematics,multi_step,,P1,gpt-4o-mini,gpt-4o-mini,42,,2026-05-19T16:56:31.100260,1.0,pattern_match,289,83,1894.7,0.000538,
MCQ_math_FE745BCA,MCQ,mathematics,multi_step,,P1,gpt-4o-mini,gpt-4o-mini,42,,2026-05-19T16:55:11.194915,1.0,pattern_match,289,83,2037.6,0.000538,
MCQ_math_FEE78E1E,MCQ,mathematics,fractions,easy,P1,gpt-4o-mini,gpt-4o-mini,42,,2026-05-19T16:53:59.825862,1.0,pattern_match,350,121,3082.7,0.000713,
